,Rk,Player,Age,Pos,WAR,G,PA,AB,R,H,2B,3B,HR,RBI,SB,CS,BB,SO,BA,OBP,SLG,OPS,OPS+,rOBA,Rbat+,TB,GIDP,HBP,SH,SF,IBB,Pos.1,Awards,Team
0,1,Austin Wells*,24,C,2.5,115,414,354,42,81,18,1,13,55,1,2,47,87,.229,.322,.395,.718,103,.318,104,140,9,5,1,7,0,*2H/D,ROY-3,NYY
1,2,Anthony Rizzo*,34,1B,0.2,92,375,337,38,77,12,0,8,35,0,0,27,65,.228,.301,.335,.637,81,.297,88,113,7,9,0,2,0,3/H,,NYY
2,3,Gleyber Torres,27,2B,1.8,154,665,587,80,151,26,0,15,63,4,3,65,136,.257,.330,.378,.709,101,.318,103,222,6,3,2,8,0,*4/H,,NYY
3,4,Anthony Volpe,23,SS,3.4,160,689,637,90,155,27,7,12,60,28,7,42,156,.243,.293,.364,.657,86,.296,84,232,9,4,2,3,1,*6/H,,NYY
4,5,Oswaldo Cabrera#,25,3B,1.3,108,326,299,47,74,11,0,8,36,4,2,21,63,.247,.296,.365,.661,87,.300,90,109,6,1,2,3,0,5H34/6791,,NYY
5,6,Alex Verdugo*,28,LF,0.8,149,621,559,74,130,28,1,13,61,2,1,49,93,.233,.291,.356,.647,83,.288,81,199,14,1,2,10,0,*79/8,,NYY
6,7,Aaron Judge,32,CF,10.8,158,704,559,122,180,36,1,58,144,10,0,133,171,.322,.458,.701,1.159,223,.484,223,392,22,9,0,2,20,*8D/97,"AS,MVP-1,SS",NYY
7,8,Juan Soto*,25,RF,7.9,157,713,576,128,166,31,4,41,109,7,4,129,119,.288,.419,.569,.989,178,.424,179,328,10,4,0,4,2,*9/7DH,"AS,MVP-3,SS",NYY
8,9,Giancarlo Stanton,34,DH,0.7,114,459,417,49,97,20,0,27,72,0,0,38,143,.233,.298,.475,.773,115,.330,112,198,17,2,0,2,2,*D/H,,NYY
9,Rk,Player,Age,Pos,WAR,G,PA,AB,R,H,2B,3B,HR,RBI,SB,CS,BB,SO,BA,OBP,SLG,OPS,OPS+,rOBA,Rbat+,TB,GIDP,HBP,SH,SF,IBB,Pos,Awards,NYY
10,10,Jose Trevino,31,C,0.6,73,234,209,26,45,5,0,8,28,1,0,20,41,.215,.288,.354,.642,81,.287,80,74,12,2,1,2,0,2/H1,,NYY
11,11,DJ LeMahieu,35,CI,-1.6,67,228,201,19,41,5,0,2,26,0,1,19,35,.204,.269,.259,.527,51,.244,51,52,13,1,1,6,0,35/H,,NYY
12,12,Trent Grisham*,27,CF,0.4,76,209,179,21,34,8,0,9,31,1,1,22,57,.190,.290,.385,.675,90,.306,95,69,5,4,1,2,1,8H/D,,NYY
13,13,Jazz Chisholm Jr.*,26,3B,1.5,46,191,176,28,48,7,0,11,23,18,2,14,45,.273,.325,.500,.825,130,.373,130,88,2,0,0,1,0,5/8,,NYY
14,14,Ben Rice*,25,1B,-0.4,50,178,152,20,26,6,0,7,23,0,1,20,48,.171,.264,.349,.613,72,.275,74,53,2,1,0,5,0,3/H2,,NYY
15,15,Jon Berti,34,3B,0.6,25,74,66,10,18,0,0,1,6,5,1,6,14,.273,.342,.318,.661,90,.334,108,21,2,1,1,0,0,5/H47D,,NYY
16,16,Jasson DomÃ­nguez#,21,OF,-0.1,18,67,56,8,10,1,0,2,4,5,0,11,19,.179,.313,.304,.617,77,.315,88,17,0,0,0,0,0,7/8HD,,NYY
17,17,Jahmai Jones,26,UT,0.0,33,47,42,8,10,1,1,1,4,1,1,2,16,.238,.304,.381,.685,93,.293,89,16,0,2,1,0,0,H/9D745,,NYY
18,18,J.D. Davis,31,1B,-0.2,7,22,19,1,2,1,0,0,1,0,0,3,9,.105,.227,.158,.385,13,.191,12,3,2,0,0,0,0,/3DH,,NYY
19,19,Carlos NarvÃ¡ez,25,C,0.1,6,15,13,0,3,0,0,0,0,0,0,2,6,.231,.333,.231,.564,65,.270,69,3,0,0,0,0,0,/2H,,NYY
20,20,Oswald Peraza,24,3B,0.1,4,11,10,2,2,0,0,1,1,0,0,1,3,.200,.273,.500,.773,113,.329,110,5,0,0,0,0,0,/5,,NYY
21,21,Taylor Trammell*,26,OF,-0.1,5,2,1,2,1,0,0,0,0,0,0,1,0,1.000,1.000,1.000,2.000,472,.790,435,1,0,0,0,0,0,/H79D,,NYY
22,22,Duke Ellis*,26,LF,0.1,3,1,1,0,1,0,0,0,0,1,0,0,0,1.000,1.000,1.000,2.000,473,1.142,536,1,0,0,0,0,0,/H7,,NYY
23,23,Kevin Smith,27,DH,0.0,2,0,0,0,0,0,0,0,0,0,0,0,0,,,,,,,,0,0,0,0,0,0,/HD,,NYY
24,,Team Totals,,,30.4,162,6245,5450,815,1352,243,15,237,782,88,26,672,1326,.248,.333,.429,.761,115,.338,116,2336,138,49,14,57,26,,,NYY
0,1,Adley Rutschman#,26,C,3.4,148,638,571,68,143,21,1,19,79,1,0,58,103,.250,.318,.391,.709,107,.313,107,223,9,2,0,7,3,2D/H,AS,BAL
1,2,Ryan Mountcastle,27,1B,2.6,124,507,473,54,128,30,2,13,63,3,0,27,114,.271,.308,.425,.733,113,.323,114,201,13,1,0,6,0,*3H/D,,BAL
2,3,Jackson Holliday*,20,2B,0.1,60,208,190,28,36,4,2,5,23,4,0,15,69,.189,.255,.311,.565,66,.265,70,59,1,2,0,1,0,4/H6D,,BAL
3,4,Gunnar Henderson*,23,SS,9.1,159,719,630,118,177,31,7,37,92,21,4,78,159,.281,.364,.529,.893,159,.385,157,333,2,7,0,4,1,*6/D,"AS,MVP-4",BAL
4,5,RamÃ³n UrÃ­as,30,3B,1.5,100,301,272,39,69,9,2,11,37,1,1,23,55,.254,.322,.423,.745,117,.326,117,115,0,5,0,1,0,5/H4D3,,BAL
5,6,Colton Cowser*,24,LF,3.1,153,561,499,77,121,24,3,24,69,9,4,52,172,.242,.321,.447,.768,123,.329,119,223,9,7,0,3,2,*789H/D,ROY-2,BAL
6,7,Cedric Mullins*,29,CF,2.6,147,499,444,69,104,16,3,18,54,32,6,41,98,.234,.305,.405,.710,107,.322,107,180,1,5,2,2,0,*8H/D,,BAL
7,8,Anthony Santander#,29,RF,2.9,155,665,595,91,140,25,2,44,102,2,0,58,129,.235,.308,.506,.814,134,.346,131,301,9,7,0,5,3,*9D/3H,"AS,MVP-14,SS",BAL
8,9,Ryan O'Hearn*,30,DH,1.9,142,494,443,60,117,21,3,15,59,3,1,46,69,.264,.334,.427,.761,122,.337,125,189,7,2,0,3,2,3DH9/7,,BAL
9,Rk,Player,Age,Pos,WAR,G,PA,AB,R,H,2B,3B,HR,RBI,SB,CS,BB,SO,BA,OBP,SLG,OPS,OPS+,rOBA,Rbat+,TB,GIDP,HBP,SH,SF,IBB,Pos,Awards,BAL
10,10,Jordan Westburg,25,IF,2.4,107,447,416,57,110,26,5,18,63,6,3,22,97,.264,.312,.481,.792,129,.340,127,200,5,7,1,1,0,54/6D,AS,BAL
11,11,James McCann,34,C,0.8,65,233,214,27,50,9,0,8,31,1,0,13,56,.234,.279,.388,.667,94,.293,93,83,3,2,0,4,0,2/1,,BAL
12,12,Jorge Mateo,29,2B,0.9,68,208,192,30,44,14,2,5,18,13,2,10,48,.229,.267,.401,.668,93,.294,87,77,3,1,2,3,0,4/6H8D,,BAL
13,13,Austin Hays,28,LF,0.2,63,175,157,18,40,13,0,3,14,0,1,9,40,.255,.316,.395,.711,108,.316,112,62,1,6,1,2,1,7H/9D,,BAL
14,14,Heston Kjerstad*,25,OF,0.4,39,114,99,8,25,2,0,4,14,1,0,10,33,.253,.351,.394,.745,119,.336,123,39,0,5,0,0,2,D7H/9,,BAL
15,15,Eloy JimÃ©nez,27,DH,-0.2,33,100,95,7,22,5,0,1,7,0,0,4,23,.232,.270,.316,.586,72,.276,81,30,2,1,0,0,0,D/H,,BAL
16,16,Austin Slater,31,OF,0.5,33,79,69,10,17,3,0,1,6,1,1,8,23,.246,.342,.333,.675,100,.311,109,23,2,2,0,0,0,79H/8,,BAL
17,17,Emmanuel Rivera,28,3B,0.2,27,73,64,9,20,3,1,4,14,0,0,6,18,.313,.370,.578,.948,173,.392,165,37,2,1,0,2,0,5/3HD,,BAL
18,18,Coby Mayo,22,CI,-0.7,17,46,41,4,4,0,0,0,0,0,0,4,22,.098,.196,.098,.293,-10,.153,-7,4,1,1,0,0,0,5/H3,,BAL
19,19,Kyle Stowers*,26,OF,0.2,19,37,36,3,11,4,0,1,9,0,1,0,13,.306,.297,.500,.797,129,.346,141,18,0,0,0,1,0,/97HD,,BAL
20,20,Connor Norby,24,2B,0.1,9,32,32,3,6,1,0,2,3,0,0,0,12,.188,.188,.406,.594,68,.247,60,13,1,0,0,0,0,/4,,BAL
21,21,LivÃ¡n Soto*,24,IF,0.2,12,13,10,1,3,1,0,0,0,0,0,3,2,.300,.462,.400,.862,157,.392,164,4,0,0,0,0,0,/456DH,,BAL
22,22,Tony Kemp*,32,UT,-0.2,5,10,9,1,0,0,0,0,0,0,0,1,1,.000,.100,.000,.100,-67,.069,-67,0,0,0,0,0,0,/4H7,,BAL
23,23,Ryan McKenna,27,OF,0.1,9,9,8,3,3,0,0,2,2,0,1,1,1,.375,.444,1.125,1.569,341,.563,326,9,0,0,0,0,0,/9H78,,BAL
24,24,Nick Maton*,27,IF,-0.1,5,5,5,0,0,0,0,0,0,0,0,0,2,.000,.000,.000,.000,-100,.000,-116,0,0,0,0,0,0,/5H4D,,BAL
25,25,David BaÃ±uelos,27,,,1,1,1,0,0,0,0,0,0,0,0,0,0,.000,.000,.000,.000,-100,.000,-127,0,0,0,0,0,0,/H,,BAL
26,26,Cristian Pache,25,RF,0.1,3,1,1,0,1,0,0,0,0,0,0,0,0,1.000,1.000,1.000,2.000,493,.795,464,1,0,0,0,0,0,/9H,,BAL
27,27,Daniel Johnson*,28,RF,0.0,1,1,1,1,0,0,0,0,0,0,0,0,0,.000,.000,.000,.000,-100,.000,-127,0,0,0,0,0,0,/9H,,BAL
28,Rk,Player,Age,Pos,WAR,G,PA,AB,R,H,2B,3B,HR,RBI,SB,CS,BB,SO,BA,OBP,SLG,OPS,OPS+,rOBA,Rbat+,TB,GIDP,HBP,SH,SF,IBB,Pos,Awards,BAL
29,28,Jacob Webb,30,P,0.0,1,0,0,0,0,0,0,0,0,0,0,0,0,,,,,,,,0,0,0,0,0,0,1,,BAL
30,29,Danny Coulombe*,34,P,0.0,1,0,0,0,0,0,0,0,0,0,0,0,0,,,,,,,,0,0,0,0,0,0,1,,BAL
31,30,Mike Baumann,28,P,0.0,1,0,0,0,0,0,0,0,0,0,0,0,0,,,,,,,,0,0,0,0,0,0,1,,BAL
32,31,Albert SuÃ¡rez,34,P,0.0,1,0,0,0,0,0,0,0,0,0,0,0,0,,,,,,,,0,0,0,0,0,0,1,,BAL
33,32,Seranthony DomÃ­nguez,29,P,0.0,1,0,0,0,0,0,0,0,0,0,0,0,0,,,,,,,,0,0,0,0,0,0,1,,BAL
34,33,Jonathan Heasley,27,P,0.0,1,0,0,0,0,0,0,0,0,0,0,0,0,,,,,,,,0,0,0,0,0,0,/1,,BAL
35,34,Craig Kimbrel,36,P,0.0,1,0,0,0,0,0,0,0,0,0,0,0,0,,,,,,,,0,0,0,0,0,0,1,,BAL
36,,Team Totals,,,31.8,162,6176,5567,786,1391,262,33,235,759,98,25,489,1359,.250,.315,.435,.751,118,.329,118,2424,71,64,6,45,14,,,BAL
0,1,Connor Wong,28,C,1.6,126,487,447,54,125,24,1,13,52,8,7,28,114,.280,.333,.425,.758,110,.327,107,190,7,9,1,2,1,23DH/47,,BOS
1,2,Dominic Smith*,29,1B,0.0,84,278,249,29,59,20,0,6,34,1,1,25,65,.237,.317,.390,.706,96,.314,96,97,7,4,0,0,0,3H/D1,,BOS
2,3,Enmanuel ValdÃ©z*,25,2B,-0.6,76,223,201,23,43,12,0,6,28,1,1,17,53,.214,.270,.363,.633,74,.277,70,73,4,0,1,4,0,4H/D57,,BOS
3,4,Ceddanne Rafaela,23,SS,2.8,152,571,544,70,134,23,5,15,75,19,10,15,151,.246,.274,.390,.664,82,.299,85,212,8,7,2,3,1,864/5H9,,BOS
4,5,Rafael Devers*,27,3B,3.7,138,601,525,87,143,34,5,28,83,3,0,67,147,.272,.354,.516,.871,139,.368,134,271,13,3,0,6,14,*5/D,"AS,MVP-13",BOS
5,6,Tyler O'Neill,29,LF,2.6,113,473,411,74,99,18,0,31,61,4,0,53,159,.241,.336,.511,.847,132,.365,131,210,13,7,0,2,5,79D/H,,BOS
6,7,Jarren Duran*,27,CF,8.7,160,735,671,111,191,48,14,21,75,34,7,54,160,.285,.342,.492,.834,129,.373,134,330,6,6,1,3,1,*87,"AS,MVP-8",BOS
7,8,Wilyer Abreu*,25,RF,3.4,132,447,399,59,101,33,2,15,58,8,3,40,125,.253,.322,.459,.781,114,.339,112,183,7,3,0,5,0,*9H/78D,"ROY-6,GG",BOS
8,9,Masataka Yoshida*,30,DH,1.4,108,421,378,45,106,21,0,10,56,2,0,27,52,.280,.349,.415,.765,112,.341,114,157,6,14,0,2,0,DH/7,,BOS
9,Rk,Player,Age,Pos,WAR,G,PA,AB,R,H,2B,3B,HR,RBI,SB,CS,BB,SO,BA,OBP,SLG,OPS,OPS+,rOBA,Rbat+,TB,GIDP,HBP,SH,SF,IBB,Pos,Awards,BOS
10,10,David Hamilton*,26,MI,2.6,98,317,294,47,73,17,1,8,28,33,4,22,80,.248,.303,.395,.697,92,.331,95,116,1,1,0,0,0,64H,,BOS
11,11,Rob Refsnyder,33,OF,0.8,93,307,272,32,77,16,1,11,40,2,2,28,78,.283,.359,.471,.830,129,.354,126,128,6,5,0,1,2,79HD,,BOS
12,12,Triston Casas*,24,1B,0.6,63,243,212,28,51,8,0,13,32,0,1,30,77,.241,.337,.462,.800,120,.340,116,98,6,1,0,0,4,3/HD,,BOS
13,13,Romy GonzÃ¡lez,27,IF,0.9,89,216,199,25,53,10,1,6,29,11,3,12,58,.266,.306,.417,.723,99,.326,100,83,5,1,0,4,0,H4635/97D8,,BOS
14,14,Reese McGuire*,29,C,0.1,53,158,139,10,29,3,0,3,18,3,0,13,39,.209,.280,.295,.575,61,.269,60,41,4,2,1,3,0,2/HD,,BOS
15,15,Vaughn Grissom,23,2B,-0.2,31,114,105,10,20,3,0,0,6,2,0,7,24,.190,.246,.219,.465,31,.234,35,23,3,1,0,1,0,4/DH,,BOS
16,16,Trevor Story,31,SS,0.7,26,106,94,8,24,7,0,2,10,6,3,11,33,.255,.340,.394,.733,104,.325,104,37,2,1,0,0,2,6,,BOS
17,17,Danny Jansen,29,C,0.1,30,96,80,8,15,0,0,3,6,0,0,15,19,.188,.323,.300,.623,75,.307,90,24,3,1,0,0,0,2/HD,,BOS
18,18,Bobby Dalbec,29,CI,-0.8,37,93,83,6,11,2,0,1,8,3,0,8,43,.133,.217,.193,.410,16,.196,4,16,1,1,1,0,0,35/H9D,,BOS
19,19,Nick Sogard#,26,IF,0.3,31,86,77,13,21,4,0,0,8,3,0,7,25,.273,.326,.325,.650,82,.299,79,25,4,0,0,2,0,4/65H3,,BOS
20,20,Garrett Cooper,33,DH,-0.9,24,75,70,3,12,4,0,0,5,0,0,3,22,.171,.227,.229,.455,28,.207,19,16,2,2,0,0,0,3/DH,,BOS
21,21,Pablo Reyes,30,IF,-0.7,21,64,60,4,11,2,0,0,5,1,2,3,19,.183,.234,.217,.451,27,.196,20,13,1,1,0,0,0,5/436H1,,BOS
22,22,Jamie Westbrook,29,2B,-0.1,21,48,40,4,6,2,0,2,7,0,0,4,14,.150,.234,.350,.584,60,.271,63,14,0,1,0,2,0,4/H59D,,BOS
23,23,Mickey Gasper#,28,IF,-0.2,13,23,18,1,0,0,0,0,0,0,0,4,8,.000,.217,.000,.217,-32,.151,-22,0,1,1,0,0,0,/4HD3,,BOS
24,24,Zack Short,29,IF,-0.2,2,7,7,0,0,0,0,0,0,0,0,0,4,.000,.000,.000,.000,-100,.000,-130,0,0,0,0,0,0,/45,,BOS
25,25,Tyler Heineman#,33,DH,0.1,2,3,2,0,0,0,0,0,0,0,0,0,1,.000,.333,.000,.333,5,.239,41,0,0,1,0,0,0,/2D,,BOS
26,Rk,Player,Age,Pos,WAR,G,PA,AB,R,H,2B,3B,HR,RBI,SB,CS,BB,SO,BA,OBP,SLG,OPS,OPS+,rOBA,Rbat+,TB,GIDP,HBP,SH,SF,IBB,Pos,Awards,BOS
27,26,Josh Winckowski,26,P,0.0,1,0,0,0,0,0,0,0,0,0,0,0,0,,,,,,,,0,0,0,0,0,0,1,,BOS
28,27,Chris Martin,38,P,0.0,2,0,0,0,0,0,0,0,0,0,0,0,0,,,,,,,,0,0,0,0,0,0,1,,BOS
29,28,Chase Shugart*,27,P,0.0,1,0,0,0,0,0,0,0,0,0,0,0,0,,,,,,,,0,0,0,0,0,0,/1,,BOS
30,29,Zach Penrod*,27,P,0.0,1,0,0,0,0,0,0,0,0,0,0,0,0,,,,,,,,0,0,0,0,0,0,/1,,BOS
31,30,Kenley Jansen#,36,P,0.0,1,0,0,0,0,0,0,0,0,0,0,0,0,,,,,,,,0,0,0,0,0,0,1,,BOS
32,31,Isaiah Campbell,26,P,0.0,2,0,0,0,0,0,0,0,0,0,0,0,0,,,,,,,,0,0,0,0,0,0,/1,,BOS
33,32,Brennan Bernardino*,32,P,0.0,1,0,0,0,0,0,0,0,0,0,0,0,0,,,,,,,,0,0,0,0,0,0,1,,BOS
34,33,Chase Anderson,36,P,0.0,1,0,0,0,0,0,0,0,0,0,0,0,0,,,,,,,,0,0,0,0,0,0,1,,BOS
35,,Team Totals,,,26.8,162,6192,5577,751,1404,311,30,194,724,144,44,493,1570,.252,.319,.423,.741,104,.328,104,2357,110,73,7,40,30,,,BOS
0,1,Ben Rortvedt*,26,C,0.9,112,328,290,27,66,13,0,3,31,1,0,34,88,.228,.317,.303,.621,80,.287,83,88,6,4,0,0,0,*2H/1,,TBR
1,2,Yandy DÃ­az,32,1B,1.6,145,621,563,55,158,31,1,14,65,0,0,50,95,.281,.341,.414,.755,116,.336,119,233,12,4,0,4,0,*3D/H,,TBR
2,3,Brandon Lowe*,29,2B,2.4,107,425,385,56,94,19,3,21,58,5,1,33,112,.244,.311,.473,.783,121,.339,120,182,7,5,0,2,2,4D3H,,TBR
3,4,JosÃ© Caballero,27,SS,1.6,139,483,441,53,100,24,1,9,44,44,16,27,133,.227,.283,.347,.630,80,.292,83,153,6,9,3,3,1,654H/D,,TBR
4,5,Isaac Paredes,25,3B,2.4,101,429,363,41,89,19,1,16,55,0,1,52,68,.245,.357,.435,.792,127,.349,129,158,13,12,0,2,2,53D/H,AS,TBR
5,6,Randy Arozarena,29,LF,0.7,100,409,350,45,74,19,0,15,37,16,7,45,101,.211,.318,.394,.712,104,.316,104,138,3,11,0,3,0,7/8HD,,TBR
6,7,Jose Siri,28,CF,1.8,130,448,402,50,75,16,1,18,47,14,7,31,170,.187,.255,.366,.620,76,.272,73,147,5,7,2,4,0,*8/H3D,,TBR
7,8,Josh Lowe*,26,RF,0.7,106,387,353,37,85,19,2,10,34,25,1,32,123,.241,.302,.391,.693,98,.315,93,138,2,0,0,2,4,97/HD8,,TBR
8,9,Harold RamÃ­rez,29,DH,0.1,48,169,164,21,44,3,0,1,13,5,2,3,33,.268,.284,.305,.589,70,.267,69,50,2,1,0,1,0,D/H97,,TBR
9,Rk,Player,Age,Pos,WAR,G,PA,AB,R,H,2B,3B,HR,RBI,SB,CS,BB,SO,BA,OBP,SLG,OPS,OPS+,rOBA,Rbat+,TB,GIDP,HBP,SH,SF,IBB,Pos,Awards,TBR
10,10,Jonny DeLuca,25,OF,0.6,107,362,332,29,72,12,4,6,31,16,6,24,77,.217,.278,.331,.609,75,.279,76,110,1,4,2,0,1,98H7/D,,TBR
11,11,Richie Palacios*,27,UT,1.8,92,316,264,46,59,8,1,5,21,19,1,45,67,.223,.346,.318,.664,94,.318,96,84,5,5,0,1,2,497H/D56,,TBR
12,12,Amed Rosario,28,UT,0.5,76,275,264,22,81,17,3,2,26,9,4,7,48,.307,.331,.417,.748,114,.333,116,110,9,3,0,1,0,4956DH,,TBR
13,13,Taylor Walls#,27,SS,1.4,84,252,218,27,40,5,3,1,14,16,4,31,67,.183,.282,.248,.529,55,.251,53,54,3,0,0,3,0,6/HD,,TBR
14,14,Christopher Morel,25,2B,-0.8,49,190,173,13,33,4,2,3,9,1,2,14,56,.191,.258,.289,.547,57,.241,53,50,4,2,0,1,1,4D7/H,,TBR
15,15,Junior Caminero,20,3B,0.7,43,177,165,15,41,9,1,6,18,2,0,11,38,.248,.299,.424,.724,105,.315,102,70,2,1,0,0,2,5/D3H,,TBR
16,16,Alex Jackson,28,C,-0.4,58,155,139,17,17,7,0,3,12,1,0,12,53,.122,.201,.237,.439,26,.213,29,33,2,2,1,1,0,2/H,,TBR
17,17,Jonathan Aranda*,26,1B,0.7,44,143,128,22,30,7,0,6,14,0,0,12,32,.234,.308,.430,.737,109,.325,111,55,2,2,0,1,0,3DH/45,,TBR
18,18,Curtis Mead,23,IF,-0.5,38,132,122,10,29,3,0,1,7,2,0,6,30,.238,.282,.287,.569,65,.259,61,35,2,2,0,1,0,45/DH3,,TBR
19,19,Dylan Carlson#,25,LF,-0.3,37,127,114,7,25,2,0,3,14,2,0,10,38,.219,.299,.316,.615,78,.281,77,36,0,3,0,0,0,7/H9D,,TBR
20,20,Austin Shenton*,26,1B,0.1,19,50,42,3,9,5,0,1,3,0,0,8,14,.214,.340,.405,.745,114,.329,114,17,1,0,0,0,0,3/HD,,TBR
21,21,RenÃ© Pinto,27,C,-0.1,19,49,42,5,9,3,0,2,6,0,0,4,18,.214,.292,.429,.720,104,.306,97,18,0,1,1,1,0,2,,TBR
22,22,Logan Driscoll*,26,C,-0.1,15,37,35,2,6,0,0,1,5,0,0,1,6,.171,.189,.257,.446,27,.186,11,9,0,0,0,1,0,2,,TBR
23,23,Niko Goodrum#,32,UT,-0.4,9,18,16,1,3,0,0,0,0,0,1,1,6,.188,.235,.188,.423,24,.169,16,3,0,0,1,0,0,/7H346,,TBR
24,24,Kameron Misner*,26,OF,-0.3,8,15,15,0,1,0,0,0,0,0,0,0,10,.067,.067,.067,.133,-61,.060,-79,1,0,0,0,0,0,/7H8,,TBR
25,25,Rob Brantly*,34,C,0.0,3,9,9,0,1,0,0,0,0,0,0,0,2,.111,.111,.111,.222,-36,.099,-51,1,0,0,0,0,0,/2,,TBR
26,,Team Totals,,,15.0,162,6006,5389,604,1241,245,23,147,564,178,53,493,1485,.230,.302,.366,.669,92,.301,92,1973,87,78,10,32,15,,,TBR
0,1,Alejandro Kirk,25,C,2.0,103,386,340,23,86,19,1,5,54,0,0,35,51,.253,.319,.359,.677,94,.303,94,122,11,2,0,9,1,2/HD,,TOR
1,2,Vladimir Guerrero Jr.,25,1B,6.2,159,697,616,98,199,44,1,30,103,2,2,72,96,.323,.396,.544,.940,166,.399,165,335,16,5,0,4,12,*3D5/H,"AS,MVP-6,SS",TOR
2,3,Spencer Horwitz*,26,2B,1.2,97,381,328,46,87,19,0,12,40,0,0,42,70,.265,.357,.433,.790,125,.346,125,142,8,7,0,4,2,34DH,,TOR
3,4,Bo Bichette,26,SS,-0.3,81,336,311,29,70,16,1,4,31,5,1,20,64,.225,.277,.322,.598,71,.269,68,100,12,3,0,2,1,6,,TOR
4,5,Ernie Clement,28,3B,3.4,139,452,434,48,114,21,3,12,51,12,3,11,41,.263,.284,.408,.692,95,.317,102,177,11,3,2,2,1,56H/4D17,,TOR
5,6,Davis Schneider,25,LF,0.0,135,454,397,48,76,19,1,13,46,6,0,47,144,.191,.282,.343,.625,78,.280,76,136,2,5,0,5,0,74H/D,,TOR
6,7,Daulton Varsho*,27,CF,5.0,136,513,459,73,98,21,7,18,58,10,2,48,137,.214,.293,.407,.700,98,.306,94,187,2,4,1,1,1,*87/H9D,GG,TOR
7,8,George Springer,34,RF,1.1,145,614,545,74,120,19,3,19,56,16,1,60,115,.220,.303,.371,.674,92,.312,97,202,16,6,0,2,0,*9D/H8,,TOR
8,9,Justin Turner,39,DH,0.4,91,349,301,37,77,17,0,6,31,0,2,39,60,.256,.350,.372,.722,107,.321,109,112,15,6,0,3,0,D3/H5,,TOR
9,Rk,Player,Age,Pos,WAR,G,PA,AB,R,H,2B,3B,HR,RBI,SB,CS,BB,SO,BA,OBP,SLG,OPS,OPS+,rOBA,Rbat+,TB,GIDP,HBP,SH,SF,IBB,Pos,Awards,TOR
10,10,Isiah Kiner-Falefa,29,IF,3.2,83,281,257,32,75,8,2,7,33,3,1,13,37,.292,.338,.420,.758,116,.338,119,108,9,6,3,2,0,456/H18,,TOR
11,11,Danny Jansen,29,C,0.6,62,228,198,27,42,13,0,6,18,0,0,25,42,.212,.303,.369,.671,91,.300,92,73,1,2,0,3,0,2/HD,,TOR
12,12,Addison Barger*,24,UT,0.4,69,225,208,20,41,11,0,7,28,2,0,14,60,.197,.250,.351,.601,70,.272,70,73,1,1,0,1,0,59H7/D,,TOR
13,13,Kevin Kiermaier*,34,CF,0.9,82,217,200,24,39,7,2,4,18,5,0,10,66,.195,.236,.310,.546,55,.250,51,62,3,1,5,1,0,8/H9D,,TOR
14,14,Leo JimÃ©nez,23,MI,0.9,63,210,179,18,41,11,0,4,19,0,0,12,59,.229,.329,.358,.686,97,.310,99,64,6,16,0,3,0,64/HD,,TOR
15,15,Joey Loperfido*,25,LF,0.2,43,144,137,13,27,8,3,2,9,2,1,6,52,.197,.236,.343,.579,63,.263,65,47,2,1,0,0,0,78/H3D,,TOR
16,16,Cavan Biggio*,29,2B,0.5,44,131,110,15,22,4,0,2,9,2,0,14,42,.200,.323,.291,.614,78,.290,82,32,1,6,0,0,0,49/H35D,,TOR
17,17,Nathan Lukes*,29,OF,1.2,22,91,76,13,23,4,2,1,10,1,0,10,9,.303,.371,.447,.818,133,.355,130,34,1,0,2,3,0,7/98HD,,TOR
18,18,Will Wagner*,25,2B,0.7,24,86,82,8,25,6,0,2,11,0,0,4,16,.305,.337,.451,.788,124,.354,130,37,3,0,0,0,0,4/H3D,,TOR
19,19,Daniel Vogelbach*,31,DH,-0.4,31,79,70,5,13,5,0,1,8,0,0,9,17,.186,.278,.300,.578,66,.262,65,21,4,0,0,0,0,DH,,TOR
20,20,Brian Serven,29,C,0.2,28,71,63,6,10,4,0,0,3,0,0,5,22,.159,.243,.222,.465,35,.229,40,14,0,2,1,0,0,2/H,,TOR
21,21,Steward Berroa#,25,OF,0.3,28,45,37,7,7,1,0,0,1,6,2,8,14,.189,.333,.216,.550,63,.298,83,8,0,0,0,0,0,9H/78D,,TOR
22,22,Luis De Los Santos,26,UT,-0.1,13,31,29,2,5,2,0,0,1,0,0,2,10,.172,.226,.241,.467,34,.208,26,7,2,0,0,0,0,5/H37,,TOR
23,23,Jonatan Clase#,22,CF,0.2,7,23,20,3,7,1,0,1,2,0,1,1,3,.350,.435,.550,.985,180,.443,210,11,0,2,0,0,0,/8H,,TOR
24,24,Tyler Heineman#,33,C,0.1,5,13,10,2,1,0,0,0,0,0,0,3,5,.100,.308,.100,.408,25,.220,34,1,0,0,0,0,0,/21,,TOR
25,25,Orelvis MartÃ­nez,22,2B,0.0,1,3,3,0,1,0,0,0,0,0,0,0,1,.333,.333,.333,.667,92,.298,91,1,0,0,0,0,0,/4,,TOR
26,Rk,Player,Age,Pos,WAR,G,PA,AB,R,H,2B,3B,HR,RBI,SB,CS,BB,SO,BA,OBP,SLG,OPS,OPS+,rOBA,Rbat+,TB,GIDP,HBP,SH,SF,IBB,Pos,Awards,TOR
27,26,Chad Green*,33,P,0.0,1,0,0,0,0,0,0,0,0,0,0,0,0,,,,,,,,0,0,0,0,0,0,1,,TOR
28,27,GÃ©nesis Cabrera*,27,P,0.0,1,0,0,0,0,0,0,0,0,0,0,0,0,,,,,,,,0,0,0,0,0,0,1,,TOR
29,,Team Totals,,,27.7,162,6060,5410,671,1306,280,26,156,640,72,16,510,1233,.241,.313,.389,.703,100,.314,101,2106,126,78,14,45,18,,,TOR
0,1,Bo Naylor*,24,C,0.7,123,389,354,39,71,10,2,13,39,6,3,29,122,.201,.264,.350,.614,73,.272,71,124,3,2,2,2,1,*2H/D,,CLE
1,2,Josh Naylor*,27,1B,1.5,152,633,563,84,137,27,0,31,108,6,2,58,105,.243,.320,.456,.776,118,.336,117,257,17,7,0,4,7,*3D/H,AS,CLE
2,3,AndrÃ©s GimÃ©nez*,25,2B,4.0,152,633,583,64,147,22,1,9,63,30,5,26,97,.252,.298,.340,.638,82,.294,81,198,11,15,3,6,1,*4,GG,CLE
3,4,Brayan Rocchio#,23,SS,1.9,143,442,383,50,79,18,0,8,36,10,6,44,90,.206,.298,.316,.614,76,.281,78,121,11,8,2,5,1,*6/H,,CLE
4,5,JosÃ© RamÃ­rez#,31,3B,6.8,158,682,620,114,173,39,2,39,118,41,7,54,82,.279,.335,.537,.872,143,.376,140,333,9,1,0,6,12,*5D,"AS,MVP-5,SS",CLE
5,6,Steven Kwan*,26,LF,4.0,122,540,480,83,140,16,3,14,44,12,5,53,51,.292,.368,.425,.793,126,.352,128,204,5,5,2,0,0,*7/DH,"AS,GG",CLE
6,7,Tyler Freeman,25,CF,0.9,118,383,330,48,69,14,1,7,32,11,6,28,53,.209,.305,.321,.626,79,.288,83,106,15,19,3,3,1,8H6/54D,,CLE
7,8,Will Brennan*,26,RF,-0.2,114,353,330,37,87,13,2,8,30,4,2,19,48,.264,.309,.388,.697,97,.307,96,128,9,3,0,1,2,97HD/8,,CLE
8,9,David Fry,28,DH,1.4,122,392,335,44,88,18,1,14,51,4,1,42,84,.263,.356,.448,.804,128,.352,128,150,13,9,0,4,4,DH237/59,AS,CLE
9,Rk,Player,Age,Pos,WAR,G,PA,AB,R,H,2B,3B,HR,RBI,SB,CS,BB,SO,BA,OBP,SLG,OPS,OPS+,rOBA,Rbat+,TB,GIDP,HBP,SH,SF,IBB,Pos,Awards,CLE
10,10,Daniel Schneemann*,27,UT,0.7,73,221,193,17,42,10,2,5,22,3,2,25,70,.218,.303,.368,.671,91,.297,90,71,1,0,0,3,0,6589H/47D,,CLE
11,11,Jhonkensy Noel,22,RF,1.0,67,198,179,25,39,7,1,13,28,0,0,13,63,.218,.288,.486,.774,115,.333,114,87,1,5,0,1,0,9H/3D7,,CLE
12,12,Lane Thomas,28,CF,-0.2,53,187,172,23,36,10,0,7,23,4,2,12,65,.209,.267,.390,.657,85,.280,76,67,1,2,0,1,1,89/HD,,CLE
13,13,Ãngel MartÃ­nez#,22,OF,0.1,43,169,151,16,35,7,0,3,11,3,1,15,33,.232,.298,.338,.635,81,.286,80,51,2,0,1,2,0,87/9H5D4,,CLE
14,14,Gabriel Arias,24,IF,-0.4,53,161,153,15,34,9,1,3,15,5,2,6,53,.222,.255,.353,.608,71,.273,71,54,4,1,0,1,0,56/4H38D79,,CLE
15,15,Kyle Manzardo*,23,DH,0.0,53,156,145,11,34,12,0,5,15,0,0,9,41,.234,.282,.421,.703,97,.307,96,61,3,1,0,1,0,DH/3,,CLE
16,16,Austin Hedges,31,C,-0.6,66,146,132,12,20,3,0,2,15,2,0,6,50,.152,.203,.220,.422,21,.199,14,29,2,3,3,2,0,2/1,,CLE
17,17,Estevan Florial*,26,OF,0.1,36,111,98,11,17,6,2,3,11,2,1,11,41,.173,.264,.367,.631,78,.275,73,36,2,1,1,0,0,79D/H8,,CLE
18,18,RamÃ³n Laureano,29,OF,0.0,31,83,70,7,10,3,0,1,4,3,1,7,32,.143,.265,.229,.494,43,.248,52,16,1,5,0,1,0,98/H,,CLE
19,19,Johnathan RodrÃ­guez,24,RF,-0.4,13,40,31,6,4,1,0,0,5,0,0,9,14,.129,.325,.161,.486,46,.250,55,5,1,0,0,0,0,9/H7D,,CLE
20,20,Myles Straw,29,DH,-0.1,7,4,4,2,1,0,0,0,0,2,0,0,0,.250,.250,.250,.500,44,.348,38,1,0,0,0,0,0,/8HD,,CLE
21,21,JosÃ© Tena*,23,3B,-0.1,3,4,4,0,0,0,0,0,0,0,0,0,2,.000,.000,.000,.000,-100,.000,-124,0,0,0,0,0,0,/5DH,,CLE
22,Rk,Player,Age,Pos,WAR,G,PA,AB,R,H,2B,3B,HR,RBI,SB,CS,BB,SO,BA,OBP,SLG,OPS,OPS+,rOBA,Rbat+,TB,GIDP,HBP,SH,SF,IBB,Pos,Awards,CLE
23,22,Spencer Howard,27,P,0.0,1,0,0,0,0,0,0,0,0,0,0,0,0,,,,,,,,0,0,0,0,0,0,/1,,CLE
24,23,Hunter Gaddis,26,P,0.0,1,0,0,0,0,0,0,0,0,0,0,0,0,,,,,,,,0,0,0,0,0,0,1,,CLE
25,24,Pedro Avila,27,P,0.0,1,0,0,0,0,0,0,0,0,0,0,0,0,,,,,,,,0,0,0,0,0,0,1,,CLE
26,,Team Totals,,,20.9,161,5927,5310,708,1263,245,18,185,670,148,46,466,1196,.238,.307,.395,.703,99,.312,98,2099,111,87,17,43,30,,,CLE
0,1,Jake Rogers,29,C,1.0,102,337,310,43,61,16,1,10,36,1,0,22,99,.197,.255,.352,.607,71,.270,69,109,6,3,0,2,1,2/DH,,DET
1,2,Spencer Torkelson,24,1B,0.3,92,381,342,45,75,21,1,10,37,0,0,33,105,.219,.295,.374,.669,89,.293,86,128,6,4,0,1,0,3/D,,DET
2,3,Colt Keith*,22,2B,1.1,148,556,516,54,134,15,4,13,61,7,1,36,110,.260,.309,.380,.689,96,.308,95,196,4,2,0,2,2,*4DH,,DET
3,4,Javier BÃ¡ez,31,SS,-1.1,80,289,272,25,50,12,0,6,37,8,1,12,69,.184,.221,.294,.516,46,.236,41,80,10,2,0,3,1,6/H,,DET
4,5,Gio Urshela,32,3B,-0.3,92,325,300,25,73,10,1,5,37,0,0,19,49,.243,.286,.333,.619,76,.284,79,100,12,1,0,5,1,53/HD,,DET
5,6,Riley Greene*,23,LF,5.4,137,584,512,82,134,27,6,24,74,4,2,64,156,.262,.348,.479,.827,133,.358,133,245,2,5,0,2,3,7D8/9H,AS,DET
6,7,Parker Meadows*,24,CF,2.2,82,298,270,39,66,12,6,9,28,9,4,25,76,.244,.310,.433,.743,109,.324,108,117,0,1,1,1,0,8/H,,DET
7,8,Wenceel PÃ©rez#,24,RF,0.7,112,425,389,51,94,16,6,9,37,9,5,32,92,.242,.300,.383,.683,93,.302,93,149,5,1,2,1,0,98H/7D,,DET
8,9,Justyn-Henry Malloy,24,DH,-0.4,71,230,202,18,41,7,1,8,21,1,1,23,85,.203,.291,.366,.658,86,.289,84,74,2,3,0,2,0,D7H/9,,DET
9,Rk,Player,Age,Pos,WAR,G,PA,AB,R,H,2B,3B,HR,RBI,SB,CS,BB,SO,BA,OBP,SLG,OPS,OPS+,rOBA,Rbat+,TB,GIDP,HBP,SH,SF,IBB,Pos,Awards,DET
10,10,Matt Vierling,27,UT,3.0,144,567,518,80,133,28,5,16,57,6,1,41,121,.257,.312,.423,.735,107,.323,106,219,9,3,0,5,1,859H7/D3,,DET
11,11,Mark Canha,35,UT,0.6,93,377,320,42,74,17,0,7,38,4,0,42,79,.231,.337,.350,.687,97,.320,103,112,9,11,0,4,2,3D79/H,,DET
12,12,Zach McKinstry*,29,IF,0.8,118,325,297,32,64,14,5,4,23,16,0,24,69,.215,.277,.337,.614,74,.288,74,100,3,2,0,2,0,65H479/1D,,DET
13,13,Kerry Carpenter*,26,DH,2.2,87,296,264,37,75,16,5,18,57,0,2,22,75,.284,.345,.587,.932,159,.386,156,155,5,4,0,3,1,9DH/7,,DET
14,14,Andy IbÃ¡Ã±ez,31,2B,1.4,99,244,224,30,54,9,1,5,32,2,3,15,63,.241,.295,.357,.652,85,.289,86,80,2,3,0,2,0,H453/7D6,,DET
15,15,Carson Kelly,29,C,0.7,60,203,179,21,43,4,1,7,29,0,0,17,40,.240,.325,.391,.716,104,.315,102,70,3,6,0,1,0,2/HD,,DET
16,16,Trey Sweeney*,24,SS,0.7,36,119,110,11,24,5,0,4,17,2,0,7,32,.218,.269,.373,.642,81,.290,81,41,3,1,0,1,0,6,,DET
17,17,Jace Jung*,23,3B,-0.5,34,94,79,14,19,5,0,0,3,0,1,15,29,.241,.362,.304,.665,93,.304,97,24,3,0,0,0,0,5H/D4,,DET
18,18,Dillon Dingler,25,C,-0.3,27,87,84,2,14,5,2,1,11,0,0,3,30,.167,.195,.310,.505,41,.217,31,26,2,0,0,0,0,2,,DET
19,19,Akil Baddoo*,25,LF,-0.5,31,82,73,7,10,2,2,2,5,1,0,8,27,.137,.220,.301,.521,47,.230,39,22,0,0,0,1,0,7/89H,,DET
20,20,Bligh Madris*,28,1B,0.2,21,75,67,8,18,3,0,1,5,0,0,6,20,.269,.324,.358,.683,95,.298,89,24,0,0,0,1,0,3/9H,,DET
21,21,Ryan Kreidler,26,SS,-0.5,35,65,59,9,7,0,0,1,2,5,3,6,19,.119,.200,.169,.369,7,.170,1,10,2,0,0,0,0,6/5H78D,,DET
22,22,Ryan Vilade,25,OF,-0.7,17,49,45,5,8,0,0,1,5,0,0,2,12,.178,.208,.244,.453,29,.218,31,11,2,0,1,1,0,7/98H3,,DET
23,23,Buddy Kennedy,25,IF,0.2,6,13,10,2,2,0,0,1,4,1,0,2,4,.200,.308,.500,.808,125,.350,114,5,0,0,0,1,0,/4H5,,DET
24,Rk,Player,Age,Pos,WAR,G,PA,AB,R,H,2B,3B,HR,RBI,SB,CS,BB,SO,BA,OBP,SLG,OPS,OPS+,rOBA,Rbat+,TB,GIDP,HBP,SH,SF,IBB,Pos,Awards,DET
25,24,Jason Foley,28,P,0.0,1,0,0,0,0,0,0,0,0,0,0,0,0,,,,,,,,0,0,0,0,0,0,1,,DET
26,25,Mason Englert#,24,P,0.0,1,0,0,0,0,0,0,0,0,0,0,0,0,,,,,,,,0,0,0,0,0,0,1,,DET
27,,Team Totals,,,16.1,162,6021,5442,682,1273,244,47,162,656,76,24,476,1461,.234,.300,.385,.685,94,.304,93,2097,90,52,4,41,12,,,DET
0,1,Salvador Perez,34,C,2.5,158,652,590,58,160,28,0,27,104,0,0,44,129,.271,.330,.456,.786,119,.339,116,269,17,11,0,6,9,23D/H,"AS,SS",KCR
1,2,Vinnie Pasquantino*,26,1B,1.1,131,554,496,64,130,30,2,19,97,1,0,40,71,.262,.315,.446,.760,111,.328,108,221,12,4,1,13,1,3D/H,,KCR
2,3,Michael Massey*,26,2B,1.6,100,356,332,45,86,17,2,14,45,1,0,15,56,.259,.294,.449,.743,105,.328,108,149,9,3,2,4,1,4HD,,KCR
3,4,Bobby Witt Jr.,24,SS,9.4,161,709,636,125,211,45,11,32,109,31,12,57,106,.332,.389,.588,.977,171,.416,171,374,4,8,0,8,9,*6/D,"AS,MVP-2,GG,SS",KCR
4,5,Maikel Garcia,24,3B,1.2,157,626,575,84,133,27,5,7,58,37,2,42,103,.231,.281,.332,.614,72,.287,69,191,7,0,4,5,0,*54H/69,,KCR
5,6,MJ Melendez*,25,LF,-0.9,135,451,412,44,85,23,3,17,44,4,4,35,113,.206,.273,.400,.674,87,.290,83,165,3,3,0,0,1,*7H/D93,,KCR
6,7,Kyle Isbel*,27,CF,1.8,136,426,384,62,88,13,8,8,42,11,2,27,88,.229,.287,.367,.654,83,.296,82,141,4,5,8,2,0,*8H,,KCR
7,8,Hunter Renfroe,32,RF,0.0,120,424,385,44,88,18,0,15,52,1,1,36,84,.229,.297,.392,.689,92,.308,94,151,10,2,0,1,0,*9/HD3,,KCR
8,9,Nelson VelÃ¡zquez,25,DH,-0.5,64,230,205,31,41,8,1,8,27,2,0,19,61,.200,.274,.366,.640,78,.285,76,75,6,3,0,3,0,D97/H,,KCR
9,Rk,Player,Age,Pos,WAR,G,PA,AB,R,H,2B,3B,HR,RBI,SB,CS,BB,SO,BA,OBP,SLG,OPS,OPS+,rOBA,Rbat+,TB,GIDP,HBP,SH,SF,IBB,Pos,Awards,KCR
10,10,Freddy Fermin,29,C,3.0,111,368,339,40,92,14,0,6,36,2,0,23,66,.271,.319,.366,.685,93,.307,92,124,10,2,1,3,1,2D/H,,KCR
11,11,Adam Frazier*,32,UT,0.3,104,294,262,35,53,10,1,4,22,3,0,22,59,.202,.282,.294,.576,63,.269,64,77,0,7,3,0,0,4H9D7/53,,KCR
12,12,Garrett Hampson,29,CF,0.4,113,231,213,16,49,13,1,0,16,7,2,14,59,.230,.275,.300,.576,63,.259,56,64,3,0,2,2,0,8H74/36951,,KCR
13,13,Nick Loftin,25,IF,0.2,56,171,148,15,28,4,0,1,14,1,0,19,24,.189,.282,.236,.519,49,.258,56,35,4,1,1,2,0,45H/3D71,,KCR
14,14,Dairon Blanco,31,LF,0.1,88,132,120,37,31,4,0,4,13,31,7,8,32,.258,.308,.392,.699,96,.327,85,47,2,1,1,1,0,H798D,,KCR
15,15,Paul DeJong,30,3B,0.7,37,119,108,15,24,3,0,6,15,0,1,9,44,.222,.277,.417,.694,92,.308,97,45,1,0,0,2,0,5/HD6,,KCR
16,16,Tommy Pham,36,OF,0.1,23,104,101,9,23,3,1,2,8,1,0,3,27,.228,.250,.337,.587,64,.272,66,34,1,0,0,0,0,7/9D,,KCR
17,17,Yuli Gurriel,40,1B,0.1,18,65,54,7,13,3,0,0,6,1,0,9,15,.241,.338,.296,.635,82,.289,78,16,1,0,0,2,0,3/DH,,KCR
18,18,Robbie Grossman#,34,DH,-0.4,16,38,32,2,4,0,0,0,2,0,0,5,13,.125,.263,.125,.388,15,.201,17,4,1,1,0,0,0,D/H79,,KCR
19,19,Drew Waters#,25,OF,0.0,7,19,16,2,3,1,0,0,1,0,0,2,6,.188,.316,.250,.566,63,.265,63,4,0,1,0,0,0,/97H,,KCR
20,20,CJ Alexander*,27,3B,-0.2,4,8,8,0,1,0,0,0,0,0,0,0,3,.125,.125,.125,.250,-29,.112,-48,1,0,0,0,0,0,/5DH,,KCR
21,21,Tyler Gentry,25,RF,-0.1,3,5,5,0,0,0,0,0,0,0,0,0,2,.000,.000,.000,.000,-100,.000,-125,0,0,0,0,0,0,/9H,,KCR
22,Rk,Player,Age,Pos,WAR,G,PA,AB,R,H,2B,3B,HR,RBI,SB,CS,BB,SO,BA,OBP,SLG,OPS,OPS+,rOBA,Rbat+,TB,GIDP,HBP,SH,SF,IBB,Pos,Awards,KCR
23,22,Kris Bubic*,26,P,0.0,1,0,0,0,0,0,0,0,0,0,0,0,0,,,,,,,,0,0,0,0,0,0,1,,KCR
24,23,James McArthur,27,P,0.0,2,0,0,0,0,0,0,0,0,0,0,0,0,,,,,,,,0,0,0,0,0,0,1,,KCR
25,24,Hunter Harvey,29,P,0.0,1,0,0,0,0,0,0,0,0,0,0,0,0,,,,,,,,0,0,0,0,0,0,/1,,KCR
26,,Team Totals,,,20.2,162,5982,5421,735,1343,264,35,170,711,134,31,429,1161,.248,.306,.403,.710,98,.315,97,2187,95,52,23,54,22,,,KCR
0,1,Ryan Jeffers,27,C,2.1,122,465,412,56,93,22,0,21,64,3,0,32,94,.226,.300,.432,.732,103,.322,103,178,9,14,1,6,0,2DH,,MIN
1,2,Carlos Santana#,38,1B,2.5,150,594,521,63,124,26,0,23,71,4,0,65,99,.238,.328,.420,.749,109,.329,108,219,11,6,0,2,3,*3/HD,GG,MIN
2,3,Edouard Julien*,25,2B,-0.2,94,301,266,36,53,9,0,8,21,6,0,33,102,.199,.292,.323,.616,74,.288,76,86,2,2,0,0,0,4H/D3,,MIN
3,4,Carlos Correa,29,SS,3.7,86,367,319,55,99,20,2,14,54,0,0,40,61,.310,.388,.517,.905,152,.393,155,165,5,3,0,4,4,6/DH,AS,MIN
4,5,JosÃ© Miranda,26,3B,1.7,121,429,401,44,114,28,4,9,49,2,2,18,66,.284,.322,.441,.763,112,.333,112,177,13,6,0,4,1,5DH3/6,,MIN
5,6,Manuel Margot,29,LF,-0.9,129,343,315,37,75,17,1,4,31,5,0,21,54,.238,.289,.337,.626,76,.281,72,106,10,3,1,3,0,*79H8/D,,MIN
6,7,Byron Buxton,30,CF,3.6,102,388,355,62,99,27,3,18,56,7,2,20,99,.279,.335,.524,.859,137,.369,136,186,3,11,0,2,1,8/HD,,MIN
7,8,Max Kepler*,31,RF,1.0,105,399,368,43,93,21,1,8,42,1,0,22,80,.253,.302,.380,.682,91,.315,98,140,3,5,0,3,0,9H/D,,MIN
8,9,Trevor Larnach*,27,DH,1.3,112,400,355,59,92,17,0,15,52,4,1,40,89,.259,.338,.434,.771,116,.341,117,154,12,3,0,2,1,7D9H,,MIN
9,Rk,Player,Age,Pos,WAR,G,PA,AB,R,H,2B,3B,HR,RBI,SB,CS,BB,SO,BA,OBP,SLG,OPS,OPS+,rOBA,Rbat+,TB,GIDP,HBP,SH,SF,IBB,Pos,Awards,MIN
10,10,Willi Castro#,27,UT,1.6,158,635,558,89,138,31,5,12,60,14,9,51,150,.247,.331,.385,.717,102,.326,108,215,8,21,1,4,0,64785/H1,AS,MIN
11,11,Royce Lewis,25,3B,0.7,82,325,292,40,68,16,0,16,47,0,0,28,74,.233,.295,.452,.747,107,.315,99,132,5,0,0,5,2,5D/H4,,MIN
12,12,Christian VÃ¡zquez,33,C,-0.2,93,315,294,29,65,10,0,7,27,3,1,11,65,.221,.248,.327,.575,60,.262,60,96,11,1,5,4,0,2/5DH3,,MIN
13,13,Matt Wallner*,26,OF,2.2,75,261,220,26,57,17,1,13,37,3,0,24,95,.259,.372,.523,.894,149,.387,149,115,2,16,0,1,0,97DH/1,,MIN
14,14,Austin Martin,25,OF,-1.0,93,257,233,41,59,18,1,1,16,7,3,20,47,.253,.318,.352,.670,89,.299,87,82,4,2,2,0,0,78H4/D,,MIN
15,15,Kyle Farmer,33,IF,-0.3,107,242,215,26,46,13,1,5,25,3,5,19,49,.214,.293,.353,.647,82,.281,80,76,6,6,0,2,1,45H6/13D,,MIN
16,16,Brooks Lee#,23,SS,-0.2,50,185,172,9,38,6,1,3,27,3,0,11,27,.221,.265,.320,.585,64,.256,53,55,6,0,0,2,2,654/HD,,MIN
17,17,Alex Kirilloff*,26,UT,-0.6,57,178,159,20,32,8,3,5,20,0,0,15,47,.201,.270,.384,.653,81,.287,79,61,5,1,0,3,0,7D3/H9,,MIN
18,18,DaShawn Keirsey*,27,CF,0.0,6,14,13,1,2,0,0,1,1,0,0,0,1,.154,.214,.385,.599,64,.254,55,5,0,1,0,0,0,/87,,MIN
19,19,Michael Helman,28,UT,0.1,9,10,10,2,3,2,0,0,0,0,0,0,3,.300,.300,.500,.800,120,.329,109,5,0,0,0,0,0,/8H759,,MIN
20,20,Diego Castillo,26,3B,0.2,4,8,6,3,2,1,0,0,2,0,0,2,1,.333,.500,.500,1.000,184,.439,189,3,0,0,0,0,0,/5DH,,MIN
21,21,Jair Camargo,24,DH,-0.1,5,7,6,1,0,0,0,0,0,0,0,1,3,.000,.143,.000,.143,-54,.098,-57,0,0,0,0,0,0,/2DH,,MIN
22,,Team Totals,,,17.0,162,6123,5490,742,1352,309,23,183,702,65,23,473,1306,.246,.315,.411,.726,103,.321,103,2256,115,101,10,47,15,,,MIN
0,1,Korey Lee,25,C,0.1,125,394,377,36,79,14,1,12,37,6,3,17,122,.210,.244,.347,.591,68,.264,68,131,12,0,0,0,0,*2H/D,,CHW
1,2,Andrew Vaughn,26,1B,0.2,149,619,570,55,140,30,1,19,70,2,0,38,132,.246,.297,.402,.699,99,.305,96,229,13,6,0,5,0,*3D/H,,CHW
2,3,Nicky Lopez*,29,2B,0.2,124,445,398,40,96,12,3,1,21,5,7,37,67,.241,.312,.294,.606,76,.282,83,117,3,4,6,0,0,46/H,,CHW
3,4,Paul DeJong,30,SS,0.2,102,363,337,39,77,14,0,18,41,2,1,14,112,.228,.275,.430,.706,99,.303,95,145,8,9,0,3,0,65/HD,,CHW
4,5,Lenyn Sosa,24,3B,-0.4,100,369,351,28,89,13,0,8,35,3,1,12,77,.254,.283,.359,.642,84,.282,79,126,5,3,2,1,1,54/H3D,,CHW
5,6,Andrew Benintendi*,29,LF,-0.8,135,522,477,50,109,20,0,20,64,3,2,41,96,.229,.289,.396,.685,95,.299,92,189,12,1,0,3,1,*7H/D8,,CHW
6,7,Luis Robert Jr.,26,CF,1.4,100,425,393,47,88,19,0,14,35,23,6,28,141,.224,.278,.379,.657,87,.298,88,149,8,2,0,1,2,8/DH,,CHW
7,8,Dominic Fletcher*,26,RF,-0.3,72,241,223,14,46,8,0,1,17,0,0,11,58,.206,.252,.256,.508,47,.225,38,57,5,3,2,1,1,98/H7,,CHW
8,9,Eloy JimÃ©nez,27,DH,-0.5,65,249,229,18,55,9,0,5,16,3,0,18,47,.240,.297,.345,.642,84,.284,80,79,11,1,0,1,1,D/H9,,CHW
9,Rk,Player,Age,Pos,WAR,G,PA,AB,R,H,2B,3B,HR,RBI,SB,CS,BB,SO,BA,OBP,SLG,OPS,OPS+,rOBA,Rbat+,TB,GIDP,HBP,SH,SF,IBB,Pos,Awards,CHW
10,10,Gavin Sheets*,28,UT,-1.0,139,501,451,35,105,24,1,10,45,2,2,43,106,.233,.303,.357,.660,90,.292,88,161,6,4,0,3,2,93DH,,CHW
11,11,Tommy Pham,36,OF,0.0,70,297,271,33,72,14,1,5,19,6,3,25,63,.266,.330,.380,.710,104,.327,112,103,2,1,0,0,0,987/HD,,CHW
12,12,Corey Julks,28,OF,-1.1,66,189,173,17,37,7,0,3,14,5,2,15,50,.214,.275,.306,.581,67,.261,64,53,6,0,0,1,0,97H/D8,,CHW
13,13,Miguel Vargas,24,3B,-1.0,42,157,135,11,14,3,0,2,7,2,1,17,41,.104,.217,.170,.387,14,.205,25,23,3,3,0,2,0,5/D7H,,CHW
14,14,MartÃ­n Maldonado,37,C,-1.3,48,147,135,9,16,3,0,4,11,0,0,8,51,.119,.174,.230,.403,15,.180,5,31,5,1,3,0,0,2,,CHW
15,15,Danny Mendick,30,3B,-0.3,47,141,132,13,26,7,0,3,8,6,0,6,35,.197,.243,.318,.561,60,.255,53,42,3,2,1,0,0,54H/1D,,CHW
16,16,Brooks Baldwin#,23,2B,0.0,33,121,114,9,24,6,0,2,8,4,0,6,31,.211,.250,.316,.566,62,.263,60,36,1,0,1,0,0,4/6,,CHW
17,17,Bryan Ramos,22,3B,-0.2,32,108,99,13,20,4,0,3,11,0,2,7,22,.202,.252,.333,.586,67,.273,80,33,3,0,0,1,0,5/DH,,CHW
18,18,Robbie Grossman#,34,OF,-0.1,25,85,71,6,15,4,0,0,4,2,0,13,20,.211,.329,.268,.597,75,.295,85,19,2,0,0,1,0,9/H7D,,CHW
19,19,Chuckie Robinson,29,C,-0.5,26,76,70,2,9,0,0,0,0,0,0,5,20,.129,.197,.129,.326,-3,.171,0,9,1,1,0,0,0,2/H,,CHW
20,20,Zach DeLoach*,25,OF,-0.1,22,75,67,10,14,5,0,1,5,0,1,8,21,.209,.293,.328,.622,79,.280,84,22,0,0,0,0,0,9/7H8D,,CHW
21,21,Jacob Amaya,25,SS,0.0,23,71,67,4,12,1,0,0,3,1,0,4,28,.179,.225,.194,.419,23,.194,15,13,3,0,0,0,0,6,,CHW
22,22,Braden Shewmake*,26,IF,-0.6,29,67,64,4,8,2,0,1,4,5,1,1,10,.125,.134,.203,.337,-5,.154,-19,13,0,0,0,2,0,6/54HD,,CHW
23,23,YoÃ¡n Moncada#,29,3B,0.3,12,45,40,4,11,3,1,0,0,1,0,5,11,.275,.356,.400,.756,117,.337,116,16,2,0,0,0,0,5/DH,,CHW
24,24,Zach Remillard,30,UT,0.2,15,39,33,3,8,1,1,0,1,1,0,5,10,.242,.342,.333,.675,96,.331,111,11,1,0,1,0,0,/456H78D,,CHW
25,25,Oscar ColÃ¡s*,25,OF,0.1,13,38,33,1,9,0,0,0,4,0,1,4,10,.273,.368,.273,.641,89,.285,91,9,0,1,0,0,0,/98H,,CHW
26,26,Kevin Pillar,35,OF,0.0,17,32,25,1,4,2,0,1,4,2,0,4,8,.160,.290,.360,.650,86,.303,83,9,0,1,1,1,0,/H89D,,CHW
27,27,Nick Senzel,29,UT,-0.7,10,32,30,0,3,1,0,0,0,0,0,1,8,.100,.129,.133,.262,-24,.120,-41,4,0,0,1,0,0,/5D9H,,CHW
28,28,Rafael Ortega*,33,CF,-0.2,14,17,14,4,1,0,0,0,1,2,0,2,4,.071,.176,.071,.248,-24,.210,8,1,1,0,0,1,0,8/H9D,,CHW
29,29,Duke Ellis*,26,OF,-0.2,8,4,4,1,0,0,0,0,0,4,0,0,2,.000,.000,.000,.000,-100,.248,-118,0,0,0,0,0,0,/H789D,,CHW
30,Rk,Player,Age,Pos,WAR,G,PA,AB,R,H,2B,3B,HR,RBI,SB,CS,BB,SO,BA,OBP,SLG,OPS,OPS+,rOBA,Rbat+,TB,GIDP,HBP,SH,SF,IBB,Pos,Awards,CHW
31,30,John Brebbia*,34,P,0.0,1,0,0,0,0,0,0,0,0,0,0,0,0,,,,,,,,0,0,0,0,0,0,1,,CHW
32,31,Michael Kopech,28,P,0.0,1,0,0,0,0,0,0,0,0,0,0,0,0,,,,,,,,0,0,0,0,0,0,1,,CHW
33,,Team Totals,,,-6.7,162,5869,5383,507,1187,226,9,133,485,90,33,395,1403,.221,.278,.340,.618,77,.278,76,1830,116,43,18,27,8,,,CHW
0,1,Yainer Diaz,25,C,3.2,148,619,585,70,175,29,3,16,84,2,0,24,107,.299,.325,.441,.766,118,.339,120,258,22,2,0,8,1,2D3/H,,HOU
1,2,Jon Singleton*,32,1B,0.3,119,405,355,46,83,13,1,13,42,0,0,47,111,.234,.321,.386,.707,103,.317,105,137,2,0,0,3,0,3HD,,HOU
2,3,Jose Altuve,34,2B,3.4,153,682,628,94,185,31,0,20,65,22,7,47,119,.295,.350,.439,.790,126,.348,126,276,15,7,0,0,2,*4/DH,"AS,MVP-15,SS",HOU
3,4,Jeremy PeÃ±a,26,SS,4.1,157,650,602,78,160,28,2,15,70,20,6,25,111,.266,.308,.394,.701,100,.311,99,237,15,14,3,6,1,*6,,HOU
4,5,Alex Bregman,30,3B,4.1,145,634,581,79,151,30,2,26,75,3,1,44,86,.260,.315,.453,.768,118,.334,117,263,13,5,0,4,1,*5/D,GG,HOU
5,6,Mauricio DubÃ³n,29,LF,1.1,137,428,402,45,108,25,0,4,47,3,2,16,55,.269,.296,.361,.657,88,.289,85,145,6,2,3,5,0,7483H95/6,,HOU
6,7,Jake Meyers,28,CF,1.7,148,513,461,51,101,20,3,13,61,11,3,35,117,.219,.286,.360,.646,85,.288,83,166,17,10,3,4,0,*8H/7D,,HOU
7,8,Kyle Tucker*,27,RF,4.7,78,339,277,56,80,13,0,23,49,11,0,56,54,.289,.408,.585,.993,181,.426,179,162,5,1,0,2,3,9/DH,AS,HOU
8,9,Yordan Alvarez*,27,DH,5.4,147,635,552,88,170,34,2,35,86,6,0,69,95,.308,.392,.567,.959,172,.406,169,313,14,10,0,4,16,D7,"AS,MVP-9",HOU
9,Rk,Player,Age,Pos,WAR,G,PA,AB,R,H,2B,3B,HR,RBI,SB,CS,BB,SO,BA,OBP,SLG,OPS,OPS+,rOBA,Rbat+,TB,GIDP,HBP,SH,SF,IBB,Pos,Awards,HOU
10,10,Victor Caratini#,30,C,1.3,87,274,245,30,66,8,1,8,30,0,1,23,53,.269,.336,.408,.744,113,.325,113,100,6,3,0,3,1,2H3/D,,HOU
11,11,Chas McCormick,29,OF,-0.6,94,267,242,32,51,6,1,5,27,8,2,17,72,.211,.271,.306,.576,66,.274,71,74,3,4,1,3,0,798/H,,HOU
12,12,JosÃ© Abreu,37,1B,-1.7,35,120,113,10,14,2,0,2,7,0,0,4,28,.124,.167,.195,.361,4,.163,-5,22,4,2,0,1,0,3/H,,HOU
13,13,Joey Loperfido*,25,OF,0.3,38,118,106,11,25,5,1,2,16,2,1,7,43,.236,.299,.358,.658,89,.289,85,38,1,3,1,1,0,79/H83D,,HOU
14,14,Trey Cabbage*,27,RF,-0.1,45,91,86,12,18,8,0,1,8,1,1,4,34,.209,.253,.337,.590,68,.255,63,29,1,1,0,0,0,9H7/D,,HOU
15,15,Ben Gamel*,32,OF,0.2,20,69,58,13,15,3,0,1,4,0,0,11,17,.259,.377,.362,.739,115,.328,113,21,0,0,0,0,1,9/7H,,HOU
16,16,Zach Dezenzo,24,1B,-0.2,19,65,62,5,15,2,0,2,8,0,0,3,22,.242,.277,.371,.648,84,.307,98,23,3,0,0,0,0,3/5DH,,HOU
17,17,Jason Heyward*,34,OF,0.3,24,61,55,8,12,2,0,4,9,1,0,5,17,.218,.283,.473,.756,112,.316,102,26,0,0,0,0,2,9/7H8,,HOU
18,18,Shay Whitcomb,25,IF,-0.4,20,46,41,1,9,3,0,0,5,0,0,5,8,.220,.304,.293,.597,73,.270,72,12,1,0,0,0,0,5/H4,,HOU
19,19,CÃ©sar Salazar*,28,C,0.2,12,32,25,5,8,2,0,0,8,0,0,2,6,.320,.387,.400,.787,128,.344,125,10,0,2,1,2,0,2/DH,,HOU
20,20,Grae Kessinger,26,IF,-0.4,22,25,21,4,0,0,0,0,0,0,0,3,7,.000,.160,.000,.160,-48,.111,-42,0,1,1,0,0,0,/H546D13,,HOU
21,21,Pedro LeÃ³n,26,RF,-0.3,7,21,20,2,2,0,0,0,0,2,0,1,10,.100,.143,.100,.243,-28,.141,-38,2,2,0,0,0,0,/9H,,HOU
22,22,Cooper Hummel#,29,LF,-0.1,6,8,8,0,0,0,0,0,0,1,0,0,2,.000,.000,.000,.000,-100,.143,-42,0,1,0,0,0,0,/H7D,,HOU
23,23,Aledmys DÃ­az,33,IF,-0.1,2,4,4,0,0,0,0,0,0,0,0,0,2,.000,.000,.000,.000,-100,.000,-124,0,0,0,0,0,0,/34H,,HOU
24,24,Jacob Amaya,25,2B,0.0,1,1,1,0,0,0,0,0,0,0,0,0,0,.000,.000,.000,.000,-100,.000,-127,0,0,0,0,0,0,/4,,HOU
25,Rk,Player,Age,Pos,WAR,G,PA,AB,R,H,2B,3B,HR,RBI,SB,CS,BB,SO,BA,OBP,SLG,OPS,OPS+,rOBA,Rbat+,TB,GIDP,HBP,SH,SF,IBB,Pos,Awards,HOU
26,25,Bryan King,27,P,0.0,1,0,0,0,0,0,0,0,0,0,0,0,0,,,,,,,,0,0,0,0,0,0,1,,HOU
27,26,Josh Hader*,30,P,0.0,3,0,0,0,0,0,0,0,0,0,0,0,0,,,,,,,,0,0,0,0,0,0,1,,HOU
28,27,Ryan Pressly,35,P,0.0,2,0,0,0,0,0,0,0,0,0,0,0,0,,,,,,,,0,0,0,0,0,0,1,,HOU
29,,Team Totals,,,26.3,161,6107,5530,740,1448,264,16,190,701,93,24,448,1176,.262,.322,.418,.741,111,.326,111,2314,132,67,12,46,28,,,HOU
0,1,Cal Raleigh#,27,C,4.7,153,628,546,73,120,16,0,34,100,6,1,70,176,.220,.312,.436,.748,119,.324,117,238,7,6,0,6,4,*2D/H,"MVP-12,GG",SEA
1,2,Ty France,29,1B,-0.2,88,340,300,28,67,14,0,8,31,0,1,28,83,.223,.312,.350,.662,97,.300,102,105,11,11,0,1,0,3/H4D,,SEA
2,3,Jorge Polanco#,30,2B,1.3,118,469,417,43,89,11,0,16,45,4,2,46,137,.213,.296,.355,.651,93,.294,96,148,16,4,0,2,3,*4/DH,,SEA
3,4,J.P. Crawford*,29,SS,2.7,105,451,392,55,79,16,2,9,37,5,0,52,102,.202,.304,.321,.625,86,.286,89,126,4,6,0,1,0,6/HD,,SEA
4,5,Josh Rojas*,30,3B,2.2,142,476,422,48,95,19,2,8,31,10,4,46,108,.225,.304,.336,.641,91,.289,92,142,6,3,1,2,1,*5H4/713D,,SEA
5,6,Randy Arozarena,29,LF,1.0,54,239,199,32,46,14,0,5,23,4,3,28,68,.231,.356,.377,.733,118,.334,127,75,4,11,0,1,0,7/8D,,SEA
6,7,Julio RodrÃ­guez,23,CF,4.3,143,613,567,76,155,17,0,20,68,24,5,38,156,.273,.325,.409,.734,116,.334,121,232,10,6,0,2,1,*8D/H,,SEA
7,8,Mitch Haniger,33,RF,-0.2,121,423,380,42,79,12,0,12,44,0,0,40,126,.208,.286,.334,.620,84,.281,87,127,10,2,0,1,0,9DH,,SEA
8,9,Mitch Garver,33,DH,-0.1,114,430,367,37,63,17,0,15,51,0,0,53,133,.172,.286,.341,.627,85,.282,88,125,9,7,0,3,0,D2/H,,SEA
9,Rk,Player,Age,Pos,WAR,G,PA,AB,R,H,2B,3B,HR,RBI,SB,CS,BB,SO,BA,OBP,SLG,OPS,OPS+,rOBA,Rbat+,TB,GIDP,HBP,SH,SF,IBB,Pos,Awards,SEA
10,10,Luke Raley*,29,UT,3.2,137,455,404,58,98,19,2,22,58,11,2,27,135,.243,.320,.463,.783,129,.346,131,187,2,20,2,2,0,739H/8D,,SEA
11,11,Dylan Moore,31,UT,2.2,135,441,368,53,74,23,4,10,42,32,6,53,123,.201,.320,.367,.687,104,.322,109,135,8,14,1,5,1,6547H3/8,GG,SEA
12,12,VÃ­ctor Robles,27,OF,3.1,77,262,229,41,75,20,0,4,26,30,1,16,44,.328,.393,.467,.860,155,.400,155,107,2,10,5,2,0,897/HD,,SEA
13,13,Justin Turner,39,1B,1.2,48,190,159,22,42,7,0,5,24,0,0,20,35,.264,.363,.403,.766,128,.341,130,64,1,7,0,4,2,3D/H5,,SEA
14,14,Dominic Canzone*,26,RF,0.2,67,188,168,20,33,7,0,8,17,1,0,18,53,.196,.271,.381,.652,91,.290,92,64,5,0,0,2,2,97H/D,,SEA
15,15,Luis UrÃ­as,27,3B,0.4,41,109,94,11,18,7,0,4,16,0,0,9,34,.191,.303,.394,.696,105,.307,106,37,2,6,0,0,0,5/HD,,SEA
16,16,Leo Rivas#,26,SS,0.3,43,86,73,10,17,1,1,0,8,3,0,10,24,.233,.333,.274,.607,84,.290,87,20,1,1,2,0,0,6H4/D15,,SEA
17,17,Ryan Bliss,24,2B,0.4,33,71,63,10,14,3,1,2,9,5,3,5,22,.222,.290,.397,.687,102,.292,98,25,1,1,2,0,0,4H/D,,SEA
18,18,Tyler Locklear,23,1B,-0.3,16,49,45,3,7,1,0,2,3,1,0,3,20,.156,.224,.311,.536,57,.241,55,14,3,1,0,0,0,3/H,,SEA
19,19,Seby Zavala,30,C,-0.3,18,43,39,4,6,2,0,1,2,0,0,3,16,.154,.214,.282,.496,46,.221,43,11,2,0,1,0,0,2,,SEA
20,20,Jonatan Clase#,22,LF,-0.2,19,43,41,4,8,1,0,0,3,3,0,2,14,.195,.233,.220,.452,36,.221,32,9,1,0,0,0,0,7/H8D,,SEA
21,21,Jason Vosler*,30,UT,-0.1,10,30,28,2,5,1,1,0,3,0,0,2,9,.179,.233,.286,.519,53,.229,50,8,0,0,0,0,0,/3DH79,,SEA
22,22,Sam Haggerty#,30,OF,-0.3,8,16,15,1,1,0,0,0,1,1,0,1,4,.067,.125,.067,.192,-41,.114,-43,1,0,0,0,0,0,/7H9D,,SEA
23,23,Cade Marlowe*,27,OF,0.0,8,9,8,1,2,0,0,0,0,0,0,1,1,.250,.333,.250,.583,77,.275,82,2,1,0,0,0,0,/98HD,,SEA
24,24,Samad Taylor,25,OF,0.1,3,5,5,2,2,0,0,0,0,0,0,0,1,.400,.400,.400,.800,139,.338,128,2,0,0,0,0,0,/78H,,SEA
25,Rk,Player,Age,Pos,WAR,G,PA,AB,R,H,2B,3B,HR,RBI,SB,CS,BB,SO,BA,OBP,SLG,OPS,OPS+,rOBA,Rbat+,TB,GIDP,HBP,SH,SF,IBB,Pos,Awards,SEA
26,25,Luis Castillo,31,P,0.0,1,1,1,0,0,0,0,0,0,0,0,0,1,.000,.000,.000,.000,-100,.000,-118,0,0,0,0,0,0,1,,SEA
27,26,Ryne Stanek,32,P,0.0,1,0,0,0,0,0,0,0,0,0,0,0,0,,,,,,,,0,0,0,0,0,0,1,,SEA
28,27,Trent Thornton,30,P,0.0,1,0,0,0,0,0,0,0,0,0,0,0,0,,,,,,,,0,0,0,0,0,0,1,,SEA
29,28,Austin Voth,32,P,0.0,1,0,0,0,0,0,0,0,0,0,0,0,0,,,,,,,,0,0,0,0,0,0,1,,SEA
30,29,Mike Baumann,28,P,0.0,1,0,0,0,0,0,0,0,0,0,0,0,0,,,,,,,,0,0,0,0,0,0,1,,SEA
31,,Team Totals,,,25.6,162,6067,5330,676,1195,228,13,185,642,140,28,571,1625,.224,.311,.376,.687,103,.310,106,2004,106,116,14,34,14,,,SEA
0,1,Jonah Heim#,29,C,1.1,131,491,459,45,101,12,1,13,59,1,1,26,90,.220,.267,.336,.602,72,.268,71,154,13,4,0,2,0,*2DH,,TEX
1,2,Nathaniel Lowe*,28,1B,2.7,140,565,486,62,129,16,1,16,69,2,0,71,125,.265,.361,.401,.762,120,.342,122,195,9,4,0,4,1,*3/HD,,TEX
2,3,Marcus Semien,33,2B,4.1,159,718,650,101,154,27,2,23,74,8,3,64,105,.237,.308,.391,.699,100,.310,100,254,9,3,0,1,2,*4,AS,TEX
3,4,Corey Seager*,30,SS,5.0,123,533,475,68,132,21,0,30,74,1,1,53,96,.278,.353,.512,.864,145,.363,139,243,8,3,0,2,11,*6D/H,"AS,MVP-15",TEX
4,5,Josh Smith*,26,3B,3.2,149,592,523,67,135,30,1,13,62,11,2,46,121,.258,.337,.394,.731,110,.329,112,206,6,18,2,3,1,56DH/749,SS,TEX
5,6,Wyatt Langford,22,LF,3.9,134,557,499,74,126,25,4,16,74,19,3,51,115,.253,.325,.415,.740,111,.329,110,207,6,4,0,3,3,*7D8,ROY-7,TEX
6,7,Leody Taveras#,25,CF,0.5,151,529,480,59,110,17,3,12,44,23,6,42,112,.229,.289,.352,.641,84,.293,84,169,8,0,3,4,0,*8/HD,,TEX
7,8,Adolis GarcÃ­a,31,RF,0.3,154,637,580,68,130,27,0,25,85,11,5,45,177,.224,.284,.400,.684,94,.302,94,232,12,6,0,6,2,*9D/H,,TEX
8,9,Robbie Grossman#,34,DH,0.2,46,122,105,13,25,4,0,3,10,1,0,16,25,.238,.336,.362,.698,101,.318,104,38,5,0,0,1,0,DH7/9,,TEX
9,Rk,Player,Age,Pos,WAR,G,PA,AB,R,H,2B,3B,HR,RBI,SB,CS,BB,SO,BA,OBP,SLG,OPS,OPS+,rOBA,Rbat+,TB,GIDP,HBP,SH,SF,IBB,Pos,Awards,TEX
10,10,Ezequiel DurÃ¡n,25,3B,0.0,92,285,268,26,66,11,0,3,20,1,2,14,63,.246,.288,.321,.609,75,.273,75,86,6,2,0,1,0,573DH/6498,,TEX
11,11,Travis Jankowski*,33,DH,0.3,104,207,190,19,38,5,0,1,12,11,1,12,44,.200,.266,.242,.508,48,.256,54,46,3,5,0,0,0,9H7D8,,TEX
12,12,Josh Jung,26,3B,0.6,46,188,178,19,47,5,1,7,16,4,0,8,48,.264,.298,.421,.719,104,.319,103,75,1,1,0,1,0,5/D,,TEX
13,13,Evan Carter*,21,LF,0.6,45,162,144,23,27,6,2,5,15,2,0,15,43,.188,.272,.361,.633,80,.284,79,52,1,2,0,1,0,7/9HD8,,TEX
14,14,Carson Kelly,29,C,-0.2,31,110,102,11,24,5,0,2,8,0,0,8,15,.235,.291,.343,.634,82,.286,83,35,3,0,0,0,0,2/DH,,TEX
15,15,Andrew Knizner,29,C,-0.9,35,93,90,5,15,1,0,1,9,0,0,1,22,.167,.183,.211,.394,13,.183,9,19,2,1,0,1,0,2/1D,,TEX
16,16,Jared Walsh*,30,1B,-0.2,17,60,53,9,12,2,0,1,7,0,0,7,21,.226,.317,.321,.637,85,.288,84,17,2,0,0,0,0,3/H,,TEX
17,17,Davis Wendzel,27,3B,-0.1,27,49,47,2,6,2,0,1,2,0,0,1,12,.128,.163,.234,.397,13,.174,3,11,1,1,0,0,0,5/HD43,,TEX
18,18,Derek Hill,28,OF,0.0,16,45,43,5,11,0,0,3,5,2,1,2,14,.256,.289,.465,.754,112,.365,140,20,1,0,0,0,0,/9H87D,,TEX
19,19,Justin Foscue,25,DH,-0.7,15,44,42,3,2,1,0,0,1,0,0,2,18,.048,.091,.071,.162,-52,.080,-65,3,0,0,0,0,0,D/4H3,,TEX
20,20,Jonathan Ornelas,24,IF,0.0,18,40,37,1,8,2,0,0,3,0,0,2,13,.216,.256,.270,.527,52,.237,46,10,0,0,1,0,0,/564H8,,TEX
21,21,Matt Duffy,33,3B,0.2,4,10,7,2,2,0,0,0,0,0,0,2,1,.286,.500,.286,.786,135,.388,156,2,0,1,0,0,0,/5H,,TEX
22,22,Dustin Harris*,24,DH,0.2,2,7,6,1,2,1,0,1,3,0,0,1,2,.333,.429,1.000,1.429,294,.568,285,6,0,0,0,0,0,/D,,TEX
23,23,Sandro Fabian,26,OF,-0.1,3,5,5,0,0,0,0,0,0,0,0,0,0,.000,.000,.000,.000,-100,.000,-121,0,0,0,0,0,0,/79,,TEX
24,24,Sam Huff,26,C,0.0,3,4,3,0,0,0,0,0,0,0,0,1,2,.000,.250,.000,.250,-19,.172,0,0,0,0,0,0,0,/2H,,TEX
25,Rk,Player,Age,Pos,WAR,G,PA,AB,R,H,2B,3B,HR,RBI,SB,CS,BB,SO,BA,OBP,SLG,OPS,OPS+,rOBA,Rbat+,TB,GIDP,HBP,SH,SF,IBB,Pos,Awards,TEX
26,25,David Robertson,39,P,0.0,2,0,0,0,0,0,0,0,0,0,0,0,0,,,,,,,,0,0,0,0,0,0,1,,TEX
27,26,Yerry RodrÃ­guez,26,P,0.0,1,0,0,0,0,0,0,0,0,0,0,0,0,,,,,,,,0,0,0,0,0,0,1,,TEX
28,27,JosÃ© Leclerc,30,P,0.0,1,0,0,0,0,0,0,0,0,0,0,0,0,,,,,,,,0,0,0,0,0,0,1,,TEX
29,28,Jacob Latz,28,P,0.0,1,0,0,0,0,0,0,0,0,0,0,0,0,,,,,,,,0,0,0,0,0,0,1,,TEX
30,29,Jonathan HernÃ¡ndez,27,P,0.0,1,0,0,0,0,0,0,0,0,0,0,0,0,,,,,,,,0,0,0,0,0,0,1,,TEX
31,30,JosÃ© UreÃ±a,32,P,0.0,2,0,0,0,0,0,0,0,0,0,0,0,0,,,,,,,,0,0,0,0,0,0,1,,TEX
32,31,Owen White,24,P,0.0,1,0,0,0,0,0,0,0,0,0,0,0,0,,,,,,,,0,0,0,0,0,0,/1,,TEX
33,32,Kirby Yates*,37,P,0.0,3,0,0,0,0,0,0,0,0,0,0,0,0,,,,,,,,0,0,0,0,0,0,1,"AS,CYA-8",TEX
34,,Team Totals,,,20.7,162,6053,5472,683,1302,220,15,176,652,97,25,490,1284,.238,.305,.380,.686,96,.306,96,2080,96,55,6,30,20,,,TEX
0,1,Shea Langeliers,26,C,2.9,137,534,482,58,108,18,2,29,80,4,2,41,145,.224,.288,.450,.739,111,.321,111,217,15,5,0,6,2,*2/HD,,OAK
1,2,Tyler Soderstrom*,22,1B,0.5,61,213,189,18,44,10,0,9,26,0,0,20,53,.233,.315,.429,.743,114,.330,118,81,7,3,0,1,1,3/H2,,OAK
2,3,Zack Gelof,24,2B,1.4,138,547,497,60,105,20,2,17,49,25,3,38,188,.211,.270,.362,.632,82,.286,80,180,7,4,3,5,0,*4/H,,OAK
3,4,Max Schuemann,27,SS,0.8,133,459,396,55,87,14,0,7,34,14,1,47,119,.220,.311,.308,.619,82,.292,86,122,8,7,5,4,0,65/4H789,,OAK
4,5,Abraham Toro#,27,3B,0.6,94,364,337,34,81,17,1,6,26,4,2,20,62,.240,.293,.350,.643,87,.285,85,118,4,5,2,0,1,54DH/37,,OAK
5,6,Miguel Andujar,29,LF,0.4,75,319,302,31,86,14,1,4,30,3,2,13,42,.285,.320,.377,.697,103,.308,103,114,10,3,0,1,0,7/D3H,,OAK
6,7,JJ Bleday*,26,CF,2.1,159,642,572,74,139,43,4,20,60,2,3,67,125,.243,.324,.437,.762,120,.333,121,250,8,2,1,0,2,*8H/D,,OAK
7,8,Lawrence Butler*,23,RF,3.0,125,451,412,63,108,24,2,22,57,18,0,35,108,.262,.317,.490,.807,131,.357,130,202,8,0,0,4,0,*9H/8,,OAK
8,9,Brent Rooker,29,DH,5.6,145,614,546,82,160,26,2,39,112,11,3,59,177,.293,.365,.562,.927,165,.399,166,307,5,5,0,4,4,*D/79H,"MVP-10,SS",OAK
9,Rk,Player,Age,Pos,WAR,G,PA,AB,R,H,2B,3B,HR,RBI,SB,CS,BB,SO,BA,OBP,SLG,OPS,OPS+,rOBA,Rbat+,TB,GIDP,HBP,SH,SF,IBB,Pos,Awards,OAK
10,10,Seth Brown*,31,UT,-0.6,124,400,372,32,86,11,1,14,44,4,2,25,112,.231,.283,.379,.662,91,.291,90,141,7,2,0,1,0,739H/D8,,OAK
11,11,Tyler Nevin,27,CI,-0.2,87,278,245,22,50,10,0,7,20,1,0,25,64,.204,.288,.331,.618,80,.279,80,81,5,5,0,3,0,359H7/D,,OAK
12,12,Daz Cameron,27,OF,-0.5,66,186,170,22,34,5,1,5,15,5,0,13,51,.200,.258,.329,.587,70,.268,69,56,3,1,0,2,0,79H8/D,,OAK
13,13,Kyle McCann*,26,C,0.2,54,157,140,13,33,4,0,5,15,0,0,16,59,.236,.318,.371,.690,101,.305,100,52,2,1,0,0,1,2/HD,,OAK
14,14,J.D. Davis,31,CI,-0.1,39,135,123,12,29,4,0,4,5,0,0,9,30,.236,.304,.366,.670,94,.292,91,45,3,3,0,0,0,35/DH,,OAK
15,15,Darell Hernaiz,22,IF,-0.8,48,135,120,8,23,3,0,1,12,1,1,11,27,.192,.261,.242,.503,48,.235,51,29,4,1,1,2,0,56/H4,,OAK
16,16,Brett Harris,26,3B,-0.5,36,123,103,15,15,3,0,3,12,0,3,17,25,.146,.276,.262,.539,59,.253,71,27,3,2,0,1,0,5/H,,OAK
17,17,Ryan Noda*,28,1B,-0.6,36,111,95,8,13,4,0,1,4,0,0,14,37,.137,.255,.211,.465,38,.222,40,20,0,1,1,0,0,3/H9D,,OAK
18,18,Nick Allen,25,SS,0.2,41,105,97,6,17,4,0,1,4,0,0,5,20,.175,.216,.247,.463,35,.215,33,24,0,0,3,0,0,6/5H4,,OAK
19,19,Jacob Wilson,22,SS,-0.2,28,103,92,11,23,2,2,0,3,0,0,8,10,.250,.314,.315,.629,85,.281,82,29,4,1,1,1,0,6/H,,OAK
20,20,Esteury Ruiz,25,OF,-0.1,29,65,55,10,11,2,1,2,8,5,4,4,20,.200,.270,.382,.652,87,.266,80,21,1,2,2,2,0,7H/8,,OAK
21,21,Armando Alvarez,29,UT,-0.4,16,39,37,7,9,1,0,0,2,1,0,2,8,.243,.282,.270,.552,63,.252,57,10,1,0,0,0,0,/53H74,,OAK
22,22,Aledmys DÃ­az,33,UT,-0.5,12,30,29,2,3,0,0,0,1,0,0,1,7,.103,.133,.103,.237,-29,.112,-39,3,0,0,0,0,0,/63457H,,OAK
23,23,Tristan Gray*,28,CI,0.0,8,24,21,0,3,1,0,0,0,0,0,3,13,.143,.250,.190,.440,31,.212,33,4,0,0,0,0,0,/35H,,OAK
24,,Team Totals,,,13.1,162,6034,5432,643,1267,240,19,196,619,98,26,493,1502,.233,.301,.393,.694,101,.308,101,2133,105,53,19,37,11,,,OAK
0,1,Logan O'Hoppe,24,C,2.7,136,522,479,64,117,17,1,20,56,2,3,33,155,.244,.303,.409,.712,100,.315,102,196,7,8,1,1,0,*2/HD,,LAA
1,2,Nolan Schanuel*,22,1B,1.3,147,607,519,62,130,19,0,13,54,10,1,68,103,.250,.343,.362,.706,101,.321,103,188,14,9,3,7,0,*3/HD,,LAA
2,3,Brandon Drury,31,2B,-2.0,97,360,325,28,55,7,0,4,15,1,0,27,81,.169,.242,.228,.469,35,.228,38,74,13,5,0,3,0,45D3/H,,LAA
3,4,Zach Neto,23,SS,5.1,155,602,542,70,135,34,1,23,77,30,10,39,140,.249,.318,.443,.761,113,.334,112,240,14,16,4,1,1,*6/H,,LAA
4,5,Anthony Rendon,34,3B,0.6,57,238,206,21,45,10,0,0,14,6,1,23,35,.218,.307,.267,.574,66,.283,75,55,4,5,0,4,0,5/D,,LAA
5,6,Taylor Ward,30,LF,2.3,156,663,585,73,144,26,2,25,75,6,4,63,163,.246,.323,.426,.748,111,.329,111,249,11,7,0,8,0,*7D,,LAA
6,7,Mickey Moniak*,26,CF,-0.1,124,418,392,48,86,17,2,14,49,8,4,21,114,.219,.266,.380,.646,81,.283,78,149,3,4,0,1,0,*89H/D7,,LAA
7,8,Jo Adell,25,RF,0.9,130,451,405,54,84,15,2,20,62,15,10,35,126,.207,.280,.402,.682,91,.297,90,163,9,7,0,3,1,*9H/D8,,LAA
8,9,Willie Calhoun*,29,DH,-0.2,68,254,229,26,56,16,0,5,20,0,1,23,31,.245,.315,.380,.695,97,.301,92,87,5,1,0,1,1,D/H37,,LAA
9,Rk,Player,Age,Pos,WAR,G,PA,AB,R,H,2B,3B,HR,RBI,SB,CS,BB,SO,BA,OBP,SLG,OPS,OPS+,rOBA,Rbat+,TB,GIDP,HBP,SH,SF,IBB,Pos,Awards,LAA
10,10,Luis Rengifo#,27,IF,1.9,78,304,283,41,85,13,1,6,30,24,7,16,44,.300,.347,.417,.763,116,.344,116,118,6,4,1,0,0,54/H69D,,LAA
11,11,Kevin Pillar,35,CF,0.3,83,282,259,37,61,14,1,7,41,10,3,12,61,.236,.291,.378,.669,88,.298,86,98,10,9,0,2,0,8H79/D,,LAA
12,12,Matt Thaiss*,29,C,0.6,57,186,157,14,32,9,0,2,16,3,0,28,58,.204,.323,.299,.622,79,.295,83,47,2,0,0,1,0,2/DH,,LAA
13,13,Mike Trout,32,CF,1.1,29,126,109,17,24,1,2,10,14,6,1,16,27,.220,.325,.541,.867,140,.372,136,59,0,1,0,0,1,8/D,,LAA
14,14,Michael Stefanic,28,2B,-0.2,40,124,110,8,24,4,0,0,8,0,0,10,20,.218,.301,.255,.555,61,.256,58,28,5,3,1,0,0,4/HD15,,LAA
15,15,Luis Guillorme*,29,IF,0.1,50,117,104,6,24,5,1,0,3,1,2,11,23,.231,.302,.298,.600,72,.272,74,31,4,0,1,1,0,45/H61D,,LAA
16,16,Niko Kavadas*,25,DH,-0.2,30,106,93,11,17,2,0,4,8,1,0,11,41,.183,.283,.333,.616,75,.280,74,31,0,2,0,0,0,D/3H,,LAA
17,17,Miguel SanÃ³,31,CI,-0.1,28,95,83,9,17,3,0,2,6,0,0,9,36,.205,.295,.313,.608,73,.272,70,26,2,2,0,1,0,5/D3H1,,LAA
18,18,Eric Wagaman,26,3B,0.4,18,74,72,6,18,5,0,2,10,0,0,2,17,.250,.270,.403,.673,88,.291,83,29,1,0,0,0,0,5/7H,,LAA
19,19,Jack LÃ³pez,31,MI,0.0,27,71,67,4,17,3,0,1,6,0,1,2,25,.254,.286,.343,.629,78,.289,87,23,2,1,1,0,0,4/6H9,,LAA
20,20,Aaron Hicks#,34,OF,-0.7,18,63,57,6,8,0,0,1,5,0,0,6,23,.140,.222,.193,.415,20,.196,15,11,1,0,0,0,0,/9DH781,,LAA
21,21,Kyren Paris,22,2B,-0.3,21,59,51,4,6,2,0,1,5,1,0,7,17,.118,.224,.216,.440,26,.225,32,11,1,0,0,0,0,4/H6D,,LAA
22,22,Cole Tucker#,27,UT,-0.5,24,57,50,3,9,4,1,0,3,3,1,6,17,.180,.263,.300,.563,60,.255,55,15,0,0,0,1,0,/5D7H1,,LAA
23,23,Gustavo Campero#,26,RF,-0.1,13,48,46,6,11,0,1,1,6,3,0,0,8,.239,.271,.348,.619,74,.305,83,16,0,2,0,0,0,9/7H,,LAA
24,24,Jordyn Adams,24,OF,-0.2,11,38,35,4,8,0,0,1,4,2,0,3,12,.229,.289,.314,.604,72,.280,67,11,1,0,0,0,0,/987H,,LAA
25,25,Ehire Adrianza#,34,IF,0.1,8,28,26,4,5,1,0,1,2,0,0,2,11,.192,.250,.346,.596,67,.255,58,9,1,0,0,0,0,/54H,,LAA
26,26,Charles Leblanc,28,IF,0.1,11,28,21,6,4,0,0,2,6,0,0,7,9,.190,.393,.476,.869,146,.378,145,10,0,0,0,0,0,/543D,,LAA
27,27,Keston Hiura,27,2B,-0.6,10,27,27,1,4,0,0,0,1,0,1,0,10,.148,.148,.148,.296,-15,.110,-33,4,0,0,0,0,0,/4DH,,LAA
28,28,Niko Goodrum#,32,CI,-0.5,4,15,13,1,0,0,0,0,0,1,0,2,4,.000,.133,.000,.133,-57,.168,-16,0,0,0,0,0,0,/53,,LAA
29,29,Bryce Teodosio,25,CF,-0.2,5,12,12,1,1,0,0,0,0,0,0,0,5,.083,.083,.083,.167,-52,.141,-24,1,0,0,0,0,0,/8DH,,LAA
30,Rk,Player,Age,Pos,WAR,G,PA,AB,R,H,2B,3B,HR,RBI,SB,CS,BB,SO,BA,OBP,SLG,OPS,OPS+,rOBA,Rbat+,TB,GIDP,HBP,SH,SF,IBB,Pos,Awards,LAA
31,30,Guillo ZuÃ±iga,25,P,0.0,1,0,0,0,0,0,0,0,0,0,0,0,0,,,,,,,,0,0,0,0,0,0,1,,LAA
32,31,JosÃ© Quijada*,28,P,0.0,1,0,0,0,0,0,0,0,0,0,0,0,0,,,,,,,,0,0,0,0,0,0,1,,LAA
33,,Team Totals,,,11.6,162,5975,5357,635,1227,227,15,165,596,133,50,482,1416,.229,.301,.369,.671,90,.301,90,1979,116,86,12,35,4,,,LAA
