,Rk,Player,Age,G,PA,AB,R,H,2B,3B,HR,RBI,SB,CS,BB,SO,BA,OBP,SLG,OPS,TB,GIDP,HBP,SH,SF,IBB,Pos,Awards,Team,WAR,W,L,W-L%,ERA,GS,GF,CG,SHO,SV,IP,ER,BK,WP,BF,ERA+,FIP,WHIP,H9,HR9,BB9,SO9,SO/BB
0,1.0,Kyle Schwarber*,31.0,4,19.0,16.0,2,2,0.0,0.0,1,1.0,0.0,0.0,2,6,0.125,0.263,0.313,0.576,5.0,1.0,1,0.0,0.0,0,/*D,,PHI,,,,,,,,,,,,,,,,,,,,,,,
1,2.0,Trea Turner,31.0,4,17.0,15.0,2,3,0.0,0.0,0,0.0,2.0,0.0,2,5,0.2,0.294,0.2,0.494,3.0,0.0,0,0.0,0.0,0,/*6,,PHI,,,,,,,,,,,,,,,,,,,,,,,
2,3.0,Nick Castellanos,32.0,4,17.0,17.0,2,7,1.0,0.0,1,3.0,0.0,0.0,0,3,0.412,0.412,0.647,1.059,11.0,0.0,0,0.0,0.0,0,*/9,,PHI,,,,,,,,,,,,,,,,,,,,,,,
3,4.0,Bryce Harper*,31.0,4,17.0,12.0,3,4,2.0,0.0,1,3.0,0.0,0.0,5,5,0.333,0.529,0.75,1.279,9.0,0.0,0,0.0,0.0,0,/*3,,PHI,,,,,,,,,,,,,,,,,,,,,,,
4,5.0,J.T. Realmuto,33.0,4,16.0,11.0,1,0,0.0,0.0,0,1.0,0.0,0.0,3,4,0.0,0.313,0.0,0.313,0.0,0.0,2,0.0,0.0,0,/*2,,PHI,,,,,,,,,,,,,,,,,,,,,,,
5,6.0,Alec Bohm,27.0,4,14.0,13.0,0,1,0.0,0.0,0,0.0,0.0,0.0,1,0,0.077,0.143,0.077,0.22,1.0,0.0,0,0.0,0.0,0,/*5H,,PHI,,,,,,,,,,,,,,,,,,,,,,,
6,7.0,Bryson Stott*,26.0,4,13.0,11.0,1,2,0.0,1.0,0,2.0,0.0,1.0,2,4,0.182,0.308,0.364,0.671,4.0,0.0,0,0.0,0.0,0,/*4H,,PHI,,,,,,,,,,,,,,,,,,,,,,,
7,8.0,Brandon Marsh*,26.0,4,13.0,13.0,0,1,0.0,0.0,0,0.0,0.0,0.0,0,3,0.077,0.077,0.077,0.154,1.0,0.0,0,0.0,0.0,0,*/87H,,PHI,,,,,,,,,,,,,,,,,,,,,,,
8,9.0,Johan Rojas,23.0,3,6.0,5.0,0,1,0.0,0.0,0,0.0,1.0,0.0,1,1,0.2,0.333,0.2,0.533,1.0,0.0,0,0.0,0.0,0,*/8,,PHI,,,,,,,,,,,,,,,,,,,,,,,
9,10.0,Kody Clemens*,28.0,4,5.0,5.0,0,2,1.0,0.0,0,1.0,0.0,0.0,0,2,0.4,0.4,0.6,1.0,3.0,0.0,0,0.0,0.0,0,/*H7,,PHI,,,,,,,,,,,,,,,,,,,,,,,
10,11.0,Edmundo Sosa,28.0,2,5.0,4.0,1,1,0.0,0.0,0,0.0,0.0,0.0,0,2,0.25,0.4,0.25,0.65,1.0,0.0,1,0.0,0.0,0,/45,,PHI,,,,,,,,,,,,,,,,,,,,,,,
11,12.0,Austin Hays,28.0,2,4.0,4.0,0,0,0.0,0.0,0,0.0,0.0,0.0,0,3,0.0,0.0,0.0,0.0,0.0,0.0,0,0.0,0.0,0,/7,,PHI,,,,,,,,,,,,,,,,,,,,,,,
12,13.0,Weston Wilson,29.0,2,3.0,3.0,0,0,0.0,0.0,0,0.0,0.0,0.0,0,0,0.0,0.0,0.0,0.0,0.0,0.0,0,0.0,0.0,0,/7H,,PHI,,,,,,,,,,,,,,,,,,,,,,,
13,14.0,Aaron Nola,31.0,1,0.0,0.0,0,0,0.0,0.0,0,0.0,0.0,0.0,0,0,,,,,0.0,0.0,0,0.0,0.0,0,/1,,PHI,,,,,,,,,,,,,,,,,,,,,,,
14,15.0,JosÃ© Ruiz,29.0,2,0.0,0.0,0,0,0.0,0.0,0,0.0,0.0,0.0,0,0,,,,,0.0,0.0,0,0.0,0.0,0,/1,,PHI,,,,,,,,,,,,,,,,,,,,,,,
15,16.0,Cristopher SÃ¡nchez*,27.0,1,0.0,0.0,0,0,0.0,0.0,0,0.0,0.0,0.0,0,0,,,,,0.0,0.0,0,0.0,0.0,0,/1,,PHI,,,,,,,,,,,,,,,,,,,,,,,
16,17.0,Orion Kerkering,23.0,4,0.0,0.0,0,0,0.0,0.0,0,0.0,0.0,0.0,0,0,,,,,0.0,0.0,0,0.0,0.0,0,/*1,,PHI,,,,,,,,,,,,,,,,,,,,,,,
17,18.0,Jeff Hoffman,31.0,3,0.0,0.0,0,0,0.0,0.0,0,0.0,0.0,0.0,0,0,,,,,0.0,0.0,0,0.0,0.0,0,/*1,,PHI,,,,,,,,,,,,,,,,,,,,,,,
18,19.0,Carlos EstÃ©vez,31.0,3,0.0,0.0,0,0,0.0,0.0,0,0.0,0.0,0.0,0,0,,,,,0.0,0.0,0,0.0,0.0,0,/*1,,PHI,,,,,,,,,,,,,,,,,,,,,,,
19,20.0,Matt Strahm,32.0,3,0.0,0.0,0,0,0.0,0.0,0,0.0,0.0,0.0,0,0,,,,,0.0,0.0,0,0.0,0.0,0,/*1,,PHI,,,,,,,,,,,,,,,,,,,,,,,
20,21.0,Ranger SuÃ¡rez*,28.0,1,0.0,0.0,0,0,0.0,0.0,0,0.0,0.0,0.0,0,0,,,,,0.0,0.0,0,0.0,0.0,0,/1,,PHI,,,,,,,,,,,,,,,,,,,,,,,
21,22.0,Tanner Banks,32.0,1,0.0,0.0,0,0,0.0,0.0,0,0.0,0.0,0.0,0,0,,,,,0.0,0.0,0,0.0,0.0,0,/1,,PHI,,,,,,,,,,,,,,,,,,,,,,,
22,23.0,Zack Wheeler*,34.0,1,0.0,0.0,0,0,0.0,0.0,0,0.0,0.0,0.0,0,0,,,,,0.0,0.0,0,0.0,0.0,0,/1,,PHI,,,,,,,,,,,,,,,,,,,,,,,
23,24.0,JosÃ© Alvarado*,29.0,1,0.0,0.0,0,0,0.0,0.0,0,0.0,0.0,0.0,0,0,,,,,0.0,0.0,0,0.0,0.0,0,/1,,PHI,,,,,,,,,,,,,,,,,,,,,,,
24,,Team Totals,,4,149.0,129.0,12,24,4.0,1.0,3,11.0,3.0,1.0,16,38,0.186,0.295,0.302,0.598,39.0,1.0,4,0.0,0.0,0,,,PHI,,,,,,,,,,,,,,,,,,,,,,,
0,1.0,Ozzie Albies#,27.0,2,8.0,8.0,0,1,0.0,0.0,0,0.0,1.0,0.0,0,4,0.125,0.125,0.125,0.25,1.0,0.0,0,0.0,0.0,0,/*4,,ATL,,,,,,,,,,,,,,,,,,,,,,,
1,2.0,Jorge Soler,32.0,2,8.0,7.0,1,2,0.0,0.0,1,1.0,0.0,0.0,1,2,0.286,0.375,0.714,1.089,5.0,0.0,0,0.0,0.0,0,*/9,,ATL,,,,,,,,,,,,,,,,,,,,,,,
2,3.0,Michael Harris II*,23.0,2,8.0,8.0,2,5,1.0,0.0,1,2.0,0.0,0.0,0,1,0.625,0.625,1.125,1.75,9.0,0.0,0,0.0,0.0,0,*/8,,ATL,,,,,,,,,,,,,,,,,,,,,,,
3,4.0,Marcell Ozuna,33.0,2,8.0,7.0,0,2,0.0,0.0,0,1.0,0.0,0.0,0,4,0.286,0.25,0.286,0.536,2.0,0.0,0,0.0,1.0,0,/*D,,ATL,,,,,,,,,,,,,,,,,,,,,,,
4,5.0,Matt Olson*,30.0,2,8.0,8.0,0,1,0.0,0.0,0,0.0,0.0,0.0,0,1,0.125,0.125,0.125,0.25,1.0,0.0,0,0.0,0.0,0,/*3,,ATL,,,,,,,,,,,,,,,,,,,,,,,
5,6.0,RamÃ³n Laureano,29.0,2,8.0,8.0,0,0,0.0,0.0,0,0.0,0.0,0.0,0,4,0.0,0.0,0.0,0.0,0.0,0.0,0,0.0,0.0,0,*/7,,ATL,,,,,,,,,,,,,,,,,,,,,,,
6,7.0,Orlando Arcia,29.0,2,6.0,6.0,1,1,0.0,0.0,0,0.0,0.0,0.0,0,2,0.167,0.167,0.167,0.333,1.0,0.0,0,0.0,0.0,0,/*6,,ATL,,,,,,,,,,,,,,,,,,,,,,,
7,8.0,Gio Urshela,32.0,2,6.0,6.0,0,0,0.0,0.0,0,0.0,0.0,0.0,0,2,0.0,0.0,0.0,0.0,0.0,0.0,0,0.0,0.0,0,/*5,,ATL,,,,,,,,,,,,,,,,,,,,,,,
8,9.0,Travis d'Arnaud,35.0,2,5.0,5.0,0,1,1.0,0.0,0,0.0,0.0,0.0,0,1,0.2,0.2,0.4,0.6,2.0,0.0,0,0.0,0.0,0,/2H,,ATL,,,,,,,,,,,,,,,,,,,,,,,
9,10.0,Sean Murphy,29.0,1,3.0,3.0,0,0,0.0,0.0,0,0.0,0.0,0.0,0,2,0.0,0.0,0.0,0.0,0.0,0.0,0,0.0,0.0,0,/2,,ATL,,,,,,,,,,,,,,,,,,,,,,,
10,11.0,Eli White,30.0,1,0.0,0.0,0,0,0.0,0.0,0,0.0,0.0,0.0,0,0,,,,,0.0,,0,0.0,,0,/H,,ATL,,,,,,,,,,,,,,,,,,,,,,,
11,12.0,AJ Smith-Shawver,21.0,1,0.0,0.0,0,0,0.0,0.0,0,0.0,0.0,0.0,0,0,,,,,0.0,0.0,0,0.0,0.0,0,/1,,ATL,,,,,,,,,,,,,,,,,,,,,,,
12,13.0,Dylan Lee*,29.0,1,0.0,0.0,0,0,0.0,0.0,0,0.0,0.0,0.0,0,0,,,,,0.0,0.0,0,0.0,0.0,0,/1,,ATL,,,,,,,,,,,,,,,,,,,,,,,
13,14.0,Pierce Johnson,33.0,1,0.0,0.0,0,0,0.0,0.0,0,0.0,0.0,0.0,0,0,,,,,0.0,0.0,0,0.0,0.0,0,/1,,ATL,,,,,,,,,,,,,,,,,,,,,,,
14,15.0,Joe JimÃ©nez,29.0,1,0.0,0.0,0,0,0.0,0.0,0,0.0,0.0,0.0,0,0,,,,,0.0,0.0,0,0.0,0.0,0,/1,,ATL,,,,,,,,,,,,,,,,,,,,,,,
15,16.0,Luke Jackson,32.0,1,0.0,0.0,0,0,0.0,0.0,0,0.0,0.0,0.0,0,0,,,,,0.0,0.0,0,0.0,0.0,0,/1,,ATL,,,,,,,,,,,,,,,,,,,,,,,
16,17.0,Daysbel HernÃ¡ndez,27.0,1,0.0,0.0,0,0,0.0,0.0,0,0.0,0.0,0.0,0,0,,,,,0.0,0.0,0,0.0,0.0,0,/1,,ATL,,,,,,,,,,,,,,,,,,,,,,,
17,18.0,Max Fried*,30.0,1,0.0,0.0,0,0,0.0,0.0,0,0.0,0.0,0.0,0,0,,,,,0.0,0.0,0,0.0,0.0,0,/1,,ATL,,,,,,,,,,,,,,,,,,,,,,,
18,19.0,Jesse Chavez,40.0,1,0.0,0.0,0,0,0.0,0.0,0,0.0,0.0,0.0,0,0,,,,,0.0,0.0,0,0.0,0.0,0,/1,,ATL,,,,,,,,,,,,,,,,,,,,,,,
19,20.0,Aaron Bummer*,30.0,1,0.0,0.0,0,0,0.0,0.0,0,0.0,0.0,0.0,0,0,,,,,0.0,0.0,0,0.0,0.0,0,/1,,ATL,,,,,,,,,,,,,,,,,,,,,,,
20,,Team Totals,,2,68.0,66.0,4,13,2.0,0.0,2,4.0,1.0,0.0,1,23,0.197,0.206,0.318,0.524,21.0,0.0,0,0.0,1.0,0,,,ATL,,,,,,,,,,,,,,,,,,,,,,,
0,1.0,Francisco Lindor#,30.0,13,62.0,51.0,11,14,3.0,1.0,2,8.0,0.0,0.0,10,13,0.275,0.387,0.49,0.877,25.0,0.0,0,0.0,1.0,2,*6,,NYM,,,,,,,,,,,,,,,,,,,,,,,
1,2.0,Pete Alonso,29.0,13,58.0,44.0,10,12,1.0,0.0,4,10.0,2.0,0.0,12,15,0.273,0.431,0.568,0.999,25.0,2.0,1,0.0,1.0,1,*3,,NYM,,,,,,,,,,,,,,,,,,,,,,,
2,3.0,Mark Vientos,24.0,13,58.0,55.0,8,18,2.0,0.0,5,14.0,0.0,0.0,3,19,0.327,0.362,0.636,0.998,35.0,1.0,0,0.0,0.0,0,*5,,NYM,,,,,,,,,,,,,,,,,,,,,,,
3,4.0,Brandon Nimmo*,31.0,13,58.0,50.0,7,11,0.0,0.0,1,6.0,0.0,0.0,7,11,0.22,0.328,0.28,0.608,14.0,0.0,1,0.0,0.0,0,*7,,NYM,,,,,,,,,,,,,,,,,,,,,,,
4,5.0,Starling Marte,35.0,13,55.0,47.0,4,13,4.0,0.0,0,9.0,1.0,0.0,3,11,0.277,0.345,0.362,0.707,17.0,0.0,3,0.0,2.0,0,*9,,NYM,,,,,,,,,,,,,,,,,,,,,,,
5,6.0,Francisco Alvarez,22.0,13,47.0,43.0,4,11,1.0,0.0,0,3.0,0.0,0.0,2,13,0.256,0.298,0.279,0.577,12.0,1.0,1,0.0,1.0,0,*2,,NYM,,,,,,,,,,,,,,,,,,,,,,,
6,7.0,Jose Iglesias,34.0,12,46.0,44.0,3,10,0.0,0.0,0,3.0,0.0,0.0,2,9,0.227,0.261,0.227,0.488,10.0,2.0,0,0.0,0.0,0,*4/5,,NYM,,,,,,,,,,,,,,,,,,,,,,,
7,8.0,Tyrone Taylor,30.0,13,44.0,37.0,6,6,2.0,0.0,0,1.0,0.0,0.0,4,8,0.162,0.295,0.216,0.512,8.0,1.0,3,0.0,0.0,0,*8/97,,NYM,,,,,,,,,,,,,,,,,,,,,,,
8,9.0,Jesse Winker*,30.0,10,32.0,22.0,7,7,0.0,2.0,1,4.0,1.0,0.0,7,4,0.318,0.531,0.636,1.168,14.0,0.0,3,0.0,0.0,0,/DH,,NYM,,,,,,,,,,,,,,,,,,,,,,,
9,10.0,J.D. Martinez,36.0,8,24.0,18.0,1,4,0.0,0.0,0,3.0,0.0,0.0,6,7,0.222,0.417,0.222,0.639,4.0,1.0,0,0.0,0.0,0,/DH,,NYM,,,,,,,,,,,,,,,,,,,,,,,
10,11.0,Jeff McNeil*,32.0,5,13.0,11.0,0,2,0.0,0.0,0,3.0,0.0,0.0,0,1,0.182,0.154,0.182,0.336,2.0,0.0,0,0.0,2.0,0,/H4,,NYM,,,,,,,,,,,,,,,,,,,,,,,
11,12.0,Harrison Bader,30.0,12,9.0,9.0,3,1,0.0,0.0,0,0.0,2.0,0.0,0,3,0.111,0.111,0.111,0.222,1.0,0.0,0,0.0,0.0,0,*8/H,,NYM,,,,,,,,,,,,,,,,,,,,,,,
12,13.0,Luisangel AcuÃ±a,22.0,9,3.0,3.0,0,0,0.0,0.0,0,0.0,0.0,0.0,0,2,0.0,0.0,0.0,0.0,0.0,0.0,0,0.0,0.0,0,/4HD,,NYM,,,,,,,,,,,,,,,,,,,,,,,
13,14.0,Luis Torrens,28.0,2,1.0,1.0,0,0,0.0,0.0,0,0.0,0.0,0.0,0,0,0.0,0.0,0.0,0.0,0.0,0.0,0,0.0,0.0,0,/2,,NYM,,,,,,,,,,,,,,,,,,,,,,,
14,15.0,Sean Manaea,32.0,4,0.0,0.0,0,0,0.0,0.0,0,0.0,0.0,0.0,0,0,,,,,0.0,0.0,0,0.0,0.0,0,/1,,NYM,,,,,,,,,,,,,,,,,,,,,,,
15,16.0,Phil Maton,31.0,6,0.0,0.0,0,0,0.0,0.0,0,0.0,0.0,0.0,0,0,,,,,0.0,0.0,0,0.0,0.0,0,/1,,NYM,,,,,,,,,,,,,,,,,,,,,,,
16,17.0,Tylor Megill,28.0,2,0.0,0.0,0,0,0.0,0.0,0,0.0,0.0,0.0,0,0,,,,,0.0,0.0,0,0.0,0.0,0,/1,,NYM,,,,,,,,,,,,,,,,,,,,,,,
17,18.0,Reed Garrett,31.0,7,0.0,0.0,0,0,0.0,0.0,0,0.0,0.0,0.0,0,0,,,,,0.0,0.0,0,0.0,0.0,0,/1,,NYM,,,,,,,,,,,,,,,,,,,,,,,
18,19.0,David Peterson*,28.0,5,0.0,0.0,0,0,0.0,0.0,0,0.0,0.0,0.0,0,0,,,,,0.0,0.0,0,0.0,0.0,0,/1,,NYM,,,,,,,,,,,,,,,,,,,,,,,
19,20.0,Jose Quintana,35.0,3,0.0,0.0,0,0,0.0,0.0,0,0.0,0.0,0.0,0,0,,,,,0.0,0.0,0,0.0,0.0,0,/1,,NYM,,,,,,,,,,,,,,,,,,,,,,,
20,21.0,Kodai Senga*,31.0,3,0.0,0.0,0,0,0.0,0.0,0,0.0,0.0,0.0,0,0,,,,,0.0,0.0,0,0.0,0.0,0,/1,,NYM,,,,,,,,,,,,,,,,,,,,,,,
21,22.0,Luis Severino,30.0,3,0.0,0.0,0,0,0.0,0.0,0,0.0,0.0,0.0,0,0,,,,,0.0,0.0,0,0.0,0.0,0,/1,,NYM,,,,,,,,,,,,,,,,,,,,,,,
22,23.0,Ryne Stanek,32.0,7,0.0,0.0,0,0,0.0,0.0,0,0.0,0.0,0.0,0,0,,,,,0.0,0.0,0,0.0,0.0,0,/1,,NYM,,,,,,,,,,,,,,,,,,,,,,,
23,24.0,Edwin DÃ­az,30.0,6,0.0,0.0,0,0,0.0,0.0,0,0.0,0.0,0.0,0,0,,,,,0.0,0.0,0,0.0,0.0,0,/1,,NYM,,,,,,,,,,,,,,,,,,,,,,,
24,25.0,JosÃ© ButtÃ³,26.0,6,0.0,0.0,0,0,0.0,0.0,0,0.0,0.0,0.0,0,0,,,,,0.0,0.0,0,0.0,0.0,0,/1,,NYM,,,,,,,,,,,,,,,,,,,,,,,
25,26.0,Danny Young*,30.0,2,0.0,0.0,0,0,0.0,0.0,0,0.0,0.0,0.0,0,0,,,,,0.0,0.0,0,0.0,0.0,0,/1,,NYM,,,,,,,,,,,,,,,,,,,,,,,
26,,Team Totals,,13,510.0,435.0,64,109,13.0,3.0,13,64.0,6.0,0.0,56,116,0.251,0.347,0.384,0.731,167.0,8.0,12,0.0,7.0,3,,,NYM,,,,,,,,,,,,,,,,,,,,,,,
0,1,Jake Irvin,27,33,,,97,173,,,29,,,,52,156,,,,,,,4,,,1,SP,,WSN,1.9,10,14,.417,4.41,33,0,0,0,0,187.2,92,1,5,769,91,4.41,1.199,8.3,1.4,2.5,7.5,3.00
1,2,Patrick Corbin*,34,32,,,114,208,,,25,,,,54,139,,,,,,,3,,,1,SP,,WSN,-0.9,6,13,.316,5.62,32,0,0,0,0,174.2,109,0,3,764,72,4.41,1.500,10.7,1.3,2.8,7.2,2.57
2,3,MacKenzie Gore*,25,32,,,93,171,,,15,,,,65,181,,,,,,,11,,,0,SP,,WSN,0.8,10,12,.455,3.90,32,0,0,0,0,166.1,72,0,14,731,103,3.53,1.419,9.3,0.8,3.5,9.8,2.78
3,4,Mitchell Parker*,24,29,,,82,154,,,18,,,,43,133,,,,,,,2,,,0,SP,,WSN,0.6,7,10,.412,4.29,29,0,0,0,0,151.0,72,0,7,646,94,3.85,1.305,9.2,1.1,2.6,7.9,3.09
4,5,DJ Herz*,23,19,,,45,76,,,11,,,,36,106,,,,,,,3,,,0,SP,,WSN,0.7,4,9,.308,4.16,19,0,0,0,0,88.2,41,1,5,382,97,3.71,1.263,7.7,1.1,3.7,10.8,2.94
5,6,Trevor Williams,32,13,,,17,51,,,3,,,,18,59,,,,,,,0,,,0,SP,,WSN,2.6,6,1,.857,2.03,13,0,0,0,0,66.2,15,1,0,260,199,2.79,1.035,6.9,0.4,2.4,8.0,3.28
6,Rk,Player,Age,G,,,R,H,,,HR,,,,BB,SO,,,,,,,HBP,,,IBB,Pos,Awards,WSN,WAR,W,L,W-L%,ERA,GS,GF,CG,SHO,SV,IP,ER,BK,WP,BF,ERA+,FIP,WHIP,H9,HR9,BB9,SO9,SO/BB
7,7,Kyle Finnegan,32,65,,,31,61,,,9,,,,24,60,,,,,,,0,,,3,CL,AS,WSN,0.9,3,8,.273,3.68,0,58,0,0,38,63.2,26,0,2,271,110,4.25,1.335,8.6,1.3,3.4,8.5,2.50
8,8,Derek Law,33,75,,,31,82,,,7,,,,24,76,,,,,,,1,,,0,RP,,WSN,1.9,7,4,.636,2.60,0,8,0,0,1,90.0,26,0,6,365,155,3.32,1.178,8.2,0.7,2.4,7.6,3.17
9,9,Jacob Barnes,34,63,,,36,67,,,10,,,,20,55,,,,,,,0,,,2,RP,,WSN,0.1,8,3,.727,4.36,0,5,0,0,0,66.0,32,0,3,277,93,4.38,1.318,9.1,1.4,2.7,7.5,2.75
10,10,Robert Garcia*,28,72,,,34,55,,,4,,,,16,75,,,,,,,1,,,1,RP,,WSN,-0.2,3,6,.333,4.22,0,6,0,0,0,59.2,28,0,4,251,96,2.38,1.190,8.3,0.6,2.4,11.3,4.69
11,11,Dylan Floro,33,51,,,14,42,,,1,,,,13,40,,,,,,,0,,,0,RP,,WSN,1.6,3,3,.500,2.06,0,8,0,0,0,52.1,12,0,1,204,196,2.63,1.051,7.2,0.2,2.2,6.9,3.08
12,Rk,Player,Age,G,,,R,H,,,HR,,,,BB,SO,,,,,,,HBP,,,IBB,Pos,Awards,WSN,WAR,W,L,W-L%,ERA,GS,GF,CG,SHO,SV,IP,ER,BK,WP,BF,ERA+,FIP,WHIP,H9,HR9,BB9,SO9,SO/BB
13,12,Tanner Rainey,31,50,,,28,47,,,8,,,,29,44,,,,,,,4,,,1,,,WSN,0.1,0,0,,4.76,0,30,0,0,0,51.0,27,0,5,231,85,5.42,1.490,8.3,1.4,5.1,7.8,1.52
14,13,Hunter Harvey,29,43,,,24,43,,,4,,,,12,50,,,,,,,4,,,1,,,WSN,0.1,2,4,.333,4.20,0,2,0,0,0,45.0,21,0,2,190,96,3.17,1.222,8.6,0.8,2.4,10.0,4.17
15,14,Jordan Weems,31,41,,,35,49,,,7,,,,24,35,,,,,,,2,,,0,,,WSN,-1.0,1,1,.500,6.70,0,10,0,0,0,41.2,31,0,1,196,60,5.54,1.752,10.6,1.5,5.2,7.6,1.46
16,15,Jose A. Ferrer*,24,31,,,12,27,,,1,,,,6,25,,,,,,,2,,,0,,,WSN,0.5,1,0,1.000,3.38,0,6,0,0,1,32.0,12,1,1,129,120,2.76,1.031,7.6,0.3,1.7,7.0,4.17
17,16,Eduardo Salazar,26,25,,,10,31,,,2,,,,12,24,,,,,,,1,,,0,,,WSN,0.5,0,1,.000,2.96,0,2,0,0,0,27.1,9,0,1,123,137,3.79,1.573,10.2,0.7,4.0,7.9,2.00
18,17,Joe La Sorsa*,26,16,,,9,17,,,4,,,,5,14,,,,,,,1,,,1,,,WSN,0.1,0,0,,4.58,0,6,0,0,0,17.2,9,0,0,74,89,5.54,1.245,8.7,2.0,2.5,7.1,2.80
19,18,Matt Barnes,34,14,,,11,16,,,1,,,,4,10,,,,,,,0,,,0,,,WSN,-0.2,0,0,,6.75,0,8,0,0,0,13.1,10,1,2,60,61,3.54,1.500,10.8,0.7,2.7,6.8,2.50
20,19,Joan Adon,25,8,,,8,12,,,2,,,,4,6,,,,,,,1,,,0,,,WSN,-0.1,0,0,,6.75,1,5,0,0,0,10.2,8,0,0,48,62,5.88,1.500,10.1,1.7,3.4,5.1,1.50
21,20,Jackson Rutledge,25,3,,,3,8,,,1,,,,2,9,,,,,,,1,,,0,,,WSN,0.2,0,0,,3.24,1,1,0,0,0,8.1,3,0,0,34,130,3.65,1.200,8.6,1.1,2.2,9.7,4.50
22,21,Josiah Gray,26,2,,,13,15,,,2,,,,5,9,,,,,,,0,,,0,,,WSN,-0.6,0,2,.000,14.04,2,0,0,0,0,8.1,13,0,0,44,30,5.93,2.400,16.2,2.2,5.4,9.7,1.80
23,22,Zach Brzykcy,24,6,,,9,9,,,2,,,,3,4,,,,,,,0,,,0,,,WSN,-0.3,0,0,,14.29,0,1,0,0,0,5.2,9,0,0,28,30,7.93,2.118,14.3,3.2,4.8,6.4,1.33
24,23,Orlando Ribalta,26,4,,,5,10,,,0,,,,2,3,,,,,,,1,,,0,,,WSN,-0.1,0,0,,13.50,0,3,0,0,0,3.1,5,0,0,23,33,4.07,3.600,27.0,0.0,5.4,8.1,1.50
25,24,Ildemaro Vargas,32,2,,,1,3,,,1,,,,0,0,,,,,,,1,,,0,,,WSN,0.0,0,0,,4.50,0,2,0,0,0,2.0,1,0,0,9,106,11.17,1.500,13.5,4.5,0.0,0.0,
26,25,Amos Willingham,25,1,,,2,2,,,1,,,,0,1,,,,,,,0,,,0,,,WSN,-0.1,0,0,,18.00,0,1,0,0,0,1.0,2,0,0,5,31,14.17,2.000,18.0,9.0,0.0,9.0,
27,,Team Totals,,162,,,764,1429,,,168,,,,473,1314,,,,,,,43,,,11,,,WSN,9.1,71,91,.438,4.30,162,162,0,0,40,1434.0,685,5,62,6114,94,3.94,1.326,9.0,1.1,3.0,8.2,2.78
0,1,Trevor Rogers*,26,21,,,58,115,,,12,,,,46,85,,,,,,,3,,,2,SP,,MIA,1.4,2,9,.182,4.53,21,0,0,0,0,105.1,53,1,1,472,100,4.43,1.528,9.8,1.0,3.9,7.3,1.85
1,2,Edward Cabrera,26,20,,,60,82,,,15,,,,50,107,,,,,,,5,,,0,SP,,MIA,0.7,4,8,.333,4.95,20,0,0,0,0,96.1,53,1,1,418,91,4.68,1.370,7.7,1.4,4.7,10.0,2.14
2,3,Ryan Weathers*,24,16,,,39,78,,,11,,,,24,80,,,,,,,9,,,1,SP,,MIA,2.2,5,6,.455,3.63,16,0,0,0,0,86.2,35,1,2,367,125,4.11,1.177,8.1,1.1,2.5,8.3,3.33
3,4,Roddery MuÃ±oz,24,18,,,66,89,,,26,,,,42,70,,,,,,,5,,,0,SP,,MIA,-0.9,2,7,.222,6.53,17,0,0,0,0,82.2,60,1,4,379,69,7.27,1.585,9.7,2.8,4.6,7.6,1.67
4,5,Valente Bellozo,24,13,,,31,69,,,15,,,,21,44,,,,,,,2,,,1,SP,,MIA,1.5,3,4,.429,3.67,13,0,0,0,0,68.2,28,0,0,295,124,5.73,1.311,9.0,2.0,2.8,5.8,2.10
5,6,JesÃºs Luzardo*,26,12,,,37,61,,,9,,,,22,58,,,,,,,2,,,0,SP,,MIA,0.9,3,6,.333,5.00,12,0,0,0,0,66.2,37,0,3,274,91,4.26,1.245,8.2,1.2,3.0,7.8,2.64
6,Rk,Player,Age,G,,,R,H,,,HR,,,,BB,SO,,,,,,,HBP,,,IBB,Pos,Awards,MIA,WAR,W,L,W-L%,ERA,GS,GF,CG,SHO,SV,IP,ER,BK,WP,BF,ERA+,FIP,WHIP,H9,HR9,BB9,SO9,SO/BB
7,7,Tanner Scott*,29,44,,,10,19,,,2,,,,27,53,,,,,,,1,,,2,CL,AS,MIA,3.4,6,5,.545,1.18,0,35,0,0,18,45.2,6,0,0,182,384,3.25,1.007,3.7,0.4,5.3,10.4,1.96
8,8,Declan Cronin,26,56,,,41,75,,,1,,,,25,72,,,,,,,5,,,3,RP,,MIA,0.5,3,4,.429,4.35,0,9,0,0,0,70.1,34,0,1,306,104,2.58,1.422,9.6,0.1,3.2,9.2,2.88
9,9,Calvin Faucher,28,53,,,25,49,,,0,,,,26,63,,,,,,,4,,,3,RP,,MIA,1.2,2,3,.400,3.19,0,18,0,0,6,53.2,19,0,5,235,142,2.50,1.398,8.2,0.0,4.4,10.6,2.42
10,10,Anthony Bender,29,59,,,25,50,,,3,,,,18,59,,,,,,,4,,,1,RP,,MIA,0.9,5,2,.714,4.08,0,10,0,0,1,53.0,24,0,2,228,111,2.92,1.283,8.5,0.5,3.1,10.0,3.28
11,11,Andrew Nardi*,25,59,,,29,44,,,7,,,,18,70,,,,,,,1,,,1,RP,,MIA,0.2,3,2,.600,5.07,0,4,0,0,0,49.2,28,0,1,210,90,3.33,1.248,8.0,1.3,3.3,12.7,3.89
12,Rk,Player,Age,G,,,R,H,,,HR,,,,BB,SO,,,,,,,HBP,,,IBB,Pos,Awards,MIA,WAR,W,L,W-L%,ERA,GS,GF,CG,SHO,SV,IP,ER,BK,WP,BF,ERA+,FIP,WHIP,H9,HR9,BB9,SO9,SO/BB
13,12,Max Meyer,25,11,,,38,62,,,14,,,,19,46,,,,,,,3,,,0,,,MIA,0.0,3,5,.375,5.68,11,0,0,0,0,57.0,36,0,0,248,80,5.90,1.421,9.8,2.2,3.0,7.3,2.42
14,13,A.J. Puk*,29,32,,,27,36,,,3,,,,23,45,,,,,,,1,,,0,,,MIA,0.1,4,8,.333,4.30,4,4,0,0,1,44.0,21,1,2,191,106,3.64,1.341,7.4,0.6,4.7,9.2,1.96
15,14,Adam Oller,29,8,,,25,43,,,7,,,,22,36,,,,,,,2,,,0,,,MIA,0.4,2,4,.333,5.31,8,0,0,0,0,42.1,25,0,1,189,86,5.32,1.535,9.1,1.5,4.7,7.7,1.64
16,15,Braxton Garrett*,26,7,,,24,40,,,5,,,,4,34,,,,,,,5,,,0,,,MIA,0.3,2,2,.500,5.35,7,0,1,1,0,37.0,22,0,1,161,85,3.81,1.189,9.7,1.2,1.0,8.3,8.50
17,16,Darren McCaughan,28,10,,,26,44,,,7,,,,9,27,,,,,,,6,,,0,,,MIA,-0.2,0,0,,5.75,5,4,0,0,2,36.0,23,0,1,165,79,5.44,1.472,11.0,1.8,2.3,6.8,3.00
18,17,Sixto SÃ¡nchez,25,14,,,29,43,,,3,,,,14,17,,,,,,,3,,,0,,,MIA,-0.5,0,3,.000,6.06,7,2,0,0,0,35.2,24,1,1,162,75,4.74,1.598,10.9,0.8,3.5,4.3,1.21
19,18,Kyle Tyler,27,8,,,19,37,,,4,,,,18,25,,,,,,,1,,,0,,,MIA,0.3,0,2,.000,5.40,7,0,0,0,0,31.2,19,0,1,142,84,5.03,1.737,10.5,1.1,5.1,7.1,1.39
20,19,Huascar BrazobÃ¡n,34,20,,,14,20,,,1,,,,11,34,,,,,,,2,,,0,,,MIA,0.4,1,2,.333,2.93,0,1,0,0,0,30.2,10,0,1,125,155,2.64,1.011,5.9,0.3,3.2,10.0,3.09
21,20,Bryan Hoeing,27,16,,,10,29,,,2,,,,9,25,,,,,,,0,,,0,,,MIA,0.8,1,2,.333,2.70,2,2,0,0,0,30.0,9,0,4,124,169,3.27,1.267,8.7,0.6,2.7,7.5,2.78
22,21,Yonny Chirinos,30,6,,,21,43,,,7,,,,13,25,,,,,,,3,,,0,,,MIA,-0.1,0,2,.000,6.30,6,0,0,0,0,30.0,21,0,1,144,72,6.13,1.867,12.9,2.1,3.9,7.5,1.92
23,22,Burch Smith,34,25,,,15,39,,,1,,,,9,23,,,,,,,1,,,0,,,MIA,0.4,2,0,1.000,4.25,0,8,0,0,0,29.2,14,1,3,135,107,3.06,1.618,11.8,0.3,2.7,7.0,2.56
24,23,George Soriano,25,22,,,23,27,,,7,,,,13,29,,,,,,,4,,,0,,,MIA,-0.5,1,1,.500,6.75,0,11,0,0,1,29.1,22,0,3,131,68,6.03,1.364,8.3,2.1,4.0,8.9,2.23
25,24,JesÃºs Tinoco,29,21,,,6,13,,,1,,,,5,30,,,,,,,1,,,1,,,MIA,1.2,1,0,1.000,2.03,0,7,0,0,3,26.2,6,0,0,98,226,2.08,0.675,4.4,0.3,1.7,10.1,6.00
26,25,Emmanuel RamÃ­rez,29,15,,,17,21,,,3,,,,8,21,,,,,,,3,,,0,,,MIA,-0.3,0,1,.000,6.97,0,2,0,0,0,20.2,16,0,2,92,66,4.62,1.403,9.1,1.3,3.5,9.1,2.63
27,26,Anthony Maldonado,26,16,,,12,21,,,1,,,,7,11,,,,,,,0,,,3,,,MIA,0.2,1,1,.500,5.68,1,6,0,0,1,19.0,12,0,1,82,81,3.80,1.474,9.9,0.5,3.3,5.2,1.57
28,27,Xzavion Curry,25,9,,,6,9,,,3,,,,2,13,,,,,,,0,,,0,,,MIA,0.5,2,0,1.000,3.00,1,0,0,0,0,18.0,6,0,0,64,153,4.22,0.611,4.5,1.5,1.0,6.5,6.50
29,28,Kent Emanuel*,32,12,,,14,20,,,4,,,,7,12,,,,,,,3,,,0,,,MIA,-0.3,0,0,,6.62,0,4,0,0,0,17.2,13,0,0,82,69,6.45,1.528,10.2,2.0,3.6,6.1,1.71
30,29,JT Chargois,33,15,,,3,15,,,3,,,,7,12,,,,,,,0,,,1,,,MIA,0.6,1,0,1.000,1.62,0,7,0,0,0,16.2,3,0,0,71,284,5.33,1.320,8.1,1.6,3.8,6.5,1.71
31,30,Mike Baumann,28,11,,,10,11,,,1,,,,7,18,,,,,,,1,,,0,,,MIA,-0.1,0,1,.000,6.59,0,2,0,0,0,13.2,10,0,1,59,70,3.24,1.317,7.2,0.7,4.6,11.9,2.57
32,31,Shaun Anderson,29,4,,,17,28,,,3,,,,0,7,,,,,,,1,,,0,,,MIA,-0.6,0,2,.000,9.00,2,2,0,0,0,13.0,13,0,2,68,51,5.32,2.154,19.4,2.1,0.0,4.8,
33,32,John McMillon,26,10,,,4,7,,,1,,,,5,13,,,,,,,0,,,0,,,MIA,0.7,2,1,.667,1.50,0,5,0,0,0,12.0,2,0,0,47,309,3.33,1.000,5.3,0.8,3.8,9.8,2.60
34,33,Anthony Veneziano*,26,10,,,5,12,,,1,,,,2,12,,,,,,,1,,,0,,,MIA,0.2,1,0,1.000,3.18,0,0,0,0,0,11.1,4,0,1,47,146,2.99,1.235,9.5,0.8,1.6,9.5,6.00
35,34,Lake Bachar,29,10,,,5,10,,,2,,,,4,11,,,,,,,0,,,0,,,MIA,0.1,0,1,.000,3.86,0,0,0,0,0,9.1,4,0,0,40,121,4.88,1.500,9.6,1.9,3.9,10.6,2.75
36,35,Austin Kitchen*,27,4,,,12,16,,,1,,,,3,4,,,,,,,0,,,0,,,MIA,-0.5,0,1,.000,14.14,1,1,0,0,0,7.0,11,1,0,42,33,5.17,2.714,20.6,1.3,3.9,5.1,1.33
37,36,Jonathan BermÃºdez*,28,3,,,6,11,,,2,,,,2,4,,,,,,,2,,,0,,,MIA,-0.1,0,1,.000,8.10,1,1,0,0,0,6.2,6,0,0,33,59,7.67,1.950,14.9,2.7,2.7,5.4,2.00
38,37,Matt Andriese,34,4,,,5,7,,,2,,,,1,7,,,,,,,0,,,1,,,MIA,-0.1,0,1,.000,6.00,0,4,0,0,0,6.0,4,0,0,26,79,5.67,1.333,10.5,3.0,1.5,10.5,7.00
39,38,Michael Petersen,30,5,,,4,7,,,0,,,,3,3,,,,,,,0,,,1,,,MIA,0.0,0,1,.000,4.76,0,2,0,0,0,5.2,3,0,0,26,100,3.70,1.765,11.1,0.0,4.8,4.8,1.00
40,39,Brett de Geus,26,7,,,5,7,,,0,,,,2,4,,,,,,,1,,,0,,,MIA,-0.1,0,2,.000,6.35,0,2,0,0,0,5.2,4,0,0,27,75,3.34,1.588,11.1,0.0,3.2,6.4,2.00
41,40,Eli Villalobos,27,3,,,1,3,,,1,,,,2,3,,,,,,,0,,,0,,,MIA,0.1,0,0,,2.08,0,1,0,0,0,4.1,1,0,0,18,234,6.17,1.154,6.2,2.1,4.2,6.2,1.50
42,41,Emmanuel Rivera,28,4,,,4,7,,,1,,,,0,0,,,,,,,1,,,0,,,MIA,-0.1,0,0,,9.00,0,4,0,0,0,4.0,4,0,0,20,54,7.17,1.750,15.8,2.3,0.0,0.0,
43,42,Vladimir Gutierrez,28,1,,,3,3,,,1,,,,2,4,,,,,,,0,,,0,,,MIA,-0.1,0,0,,6.75,0,0,0,0,0,4.0,3,0,0,17,73,5.92,1.250,6.8,2.3,4.5,9.0,2.00
44,43,David Hensley,28,1,,,2,2,,,0,,,,1,0,,,,,,,1,,,0,,,MIA,0.0,0,0,,9.00,0,1,0,0,0,2.0,2,0,0,10,59,6.17,1.500,9.0,0.0,4.5,0.0,0.00
45,44,Vidal BrujÃ¡n,26,2,,,8,7,,,2,,,,3,1,,,,,,,1,,,0,,,MIA,-0.3,0,0,,43.20,0,1,0,0,0,1.2,8,0,0,16,13,24.77,6.000,37.8,10.8,16.2,5.4,0.33
46,45,Jhonny Pereda,28,1,,,0,0,,,0,,,,0,0,,,,,,,0,,,0,,,MIA,0.0,0,0,,0.00,0,1,0,0,0,0.1,0,0,0,1,,3.17,0.000,0.0,0.0,0.0,0.0,
47,,Team Totals,,162,,,841,1431,,,195,,,,556,1317,,,,,,,88,,,21,,,MIA,14.2,62,100,.383,4.75,162,161,1,1,33,1437.1,758,8,46,6269,96,4.44,1.382,9.0,1.2,3.5,8.2,2.37
0,1.0,Willy Adames,28.0,3,12.0,11.0,1,2,0.0,0.0,0,0.0,1.0,0.0,1,3,0.182,0.25,0.182,0.432,2.0,0.0,0,0.0,0.0,0,/*6,,MIL,,,,,,,,,,,,,,,,,,,,,,,
1,2.0,Jackson Chourio,20.0,3,12.0,11.0,3,5,0.0,0.0,2,3.0,1.0,0.0,1,1,0.455,0.5,1.0,1.5,11.0,0.0,0,0.0,0.0,0,*/7,,MIL,,,,,,,,,,,,,,,,,,,,,,,
2,3.0,Brice Turang*,24.0,3,12.0,11.0,3,5,3.0,0.0,0,0.0,2.0,0.0,1,1,0.455,0.5,0.727,1.227,8.0,1.0,0,0.0,0.0,0,/*4,,MIL,,,,,,,,,,,,,,,,,,,,,,,
3,4.0,William Contreras,26.0,3,12.0,12.0,0,2,0.0,0.0,0,2.0,0.0,0.0,0,3,0.167,0.167,0.167,0.333,2.0,1.0,0,0.0,0.0,0,/2D,,MIL,,,,,,,,,,,,,,,,,,,,,,,
4,5.0,Sal Frelick*,24.0,3,11.0,11.0,2,4,1.0,0.0,1,1.0,0.0,0.0,0,1,0.364,0.364,0.727,1.091,8.0,0.0,0,0.0,0.0,0,*/9,,MIL,,,,,,,,,,,,,,,,,,,,,,,
5,6.0,Joey Ortiz,25.0,3,11.0,11.0,0,0,0.0,0.0,0,0.0,0.0,0.0,0,2,0.0,0.0,0.0,0.0,0.0,0.0,0,0.0,0.0,0,/*5,,MIL,,,,,,,,,,,,,,,,,,,,,,,
6,7.0,Rhys Hoskins,31.0,3,10.0,9.0,0,0,0.0,0.0,0,1.0,0.0,0.0,0,3,0.0,0.1,0.0,0.1,0.0,1.0,1,0.0,0.0,0,/*3,,MIL,,,,,,,,,,,,,,,,,,,,,,,
7,8.0,Blake Perkins#,27.0,2,8.0,6.0,0,3,0.0,0.0,0,1.0,1.0,0.0,1,1,0.5,0.5,0.5,1.0,3.0,0.0,0,0.0,1.0,0,/8,,MIL,,,,,,,,,,,,,,,,,,,,,,,
8,9.0,Gary SÃ¡nchez,31.0,2,7.0,7.0,0,2,1.0,0.0,0,0.0,0.0,0.0,0,2,0.286,0.286,0.429,0.714,3.0,0.0,0,0.0,0.0,0,/2D,,MIL,,,,,,,,,,,,,,,,,,,,,,,
9,10.0,Jake Bauers*,28.0,2,6.0,6.0,1,2,0.0,0.0,1,1.0,0.0,0.0,0,3,0.333,0.333,0.833,1.167,5.0,0.0,0,0.0,0.0,0,/3DH,,MIL,,,,,,,,,,,,,,,,,,,,,,,
10,11.0,Garrett Mitchell*,25.0,2,5.0,4.0,1,1,0.0,0.0,1,2.0,0.0,1.0,1,1,0.25,0.4,1.0,1.4,4.0,0.0,0,0.0,0.0,0,/8DH,,MIL,,,,,,,,,,,,,,,,,,,,,,,
11,12.0,Devin Williams,29.0,2,0.0,0.0,0,0,0.0,0.0,0,0.0,0.0,0.0,0,0,,,,,0.0,0.0,0,0.0,0.0,0,/1,,MIL,,,,,,,,,,,,,,,,,,,,,,,
12,13.0,Joe Ross,31.0,2,0.0,0.0,0,0,0.0,0.0,0,0.0,0.0,0.0,0,0,,,,,0.0,0.0,0,0.0,0.0,0,/1,,MIL,,,,,,,,,,,,,,,,,,,,,,,
13,14.0,Freddy Peralta,28.0,2,0.0,0.0,0,0,0.0,0.0,0,0.0,0.0,0.0,0,0,,,,,0.0,0.0,0,0.0,0.0,0,/1,,MIL,,,,,,,,,,,,,,,,,,,,,,,
14,15.0,Joel Payamps,30.0,2,0.0,0.0,0,0,0.0,0.0,0,0.0,0.0,0.0,0,0,,,,,0.0,0.0,0,0.0,0.0,0,/1,,MIL,,,,,,,,,,,,,,,,,,,,,,,
15,16.0,Tobias Myers,25.0,1,0.0,0.0,0,0,0.0,0.0,0,0.0,0.0,0.0,0,0,,,,,0.0,0.0,0,0.0,0.0,0,/1,,MIL,,,,,,,,,,,,,,,,,,,,,,,
16,17.0,Frankie Montas,31.0,1,0.0,0.0,0,0,0.0,0.0,0,0.0,0.0,0.0,0,0,,,,,0.0,0.0,0,0.0,0.0,0,/1,,MIL,,,,,,,,,,,,,,,,,,,,,,,
17,18.0,Trevor Megill*,30.0,2,0.0,0.0,0,0,0.0,0.0,0,0.0,0.0,0.0,0,0,,,,,0.0,0.0,0,0.0,0.0,0,/1,,MIL,,,,,,,,,,,,,,,,,,,,,,,
18,19.0,Nick Mears,27.0,2,0.0,0.0,0,0,0.0,0.0,0,0.0,0.0,0.0,0,0,,,,,0.0,0.0,0,0.0,0.0,0,/1,,MIL,,,,,,,,,,,,,,,,,,,,,,,
19,20.0,Jared Koenig,30.0,1,0.0,0.0,0,0,0.0,0.0,0,0.0,0.0,0.0,0,0,,,,,0.0,0.0,0,0.0,0.0,0,/1,,MIL,,,,,,,,,,,,,,,,,,,,,,,
20,21.0,Aaron Civale,29.0,1,0.0,0.0,0,0,0.0,0.0,0,0.0,0.0,0.0,0,0,,,,,0.0,0.0,0,0.0,0.0,0,/1,,MIL,,,,,,,,,,,,,,,,,,,,,,,
21,22.0,Aaron Ashby,26.0,1,0.0,0.0,0,0,0.0,0.0,0,0.0,0.0,0.0,0,0,,,,,0.0,0.0,0,0.0,0.0,0,/1,,MIL,,,,,,,,,,,,,,,,,,,,,,,
22,,Team Totals,,3,106.0,99.0,11,26,5.0,0.0,5,11.0,5.0,1.0,5,21,0.263,0.302,0.465,0.767,46.0,3.0,1,0.0,1.0,0,,,MIL,,,,,,,,,,,,,,,,,,,,,,,
0,1,Shota Imanaga*,30,29,,,66,149,,,27,,,,28,174,,,,,,,3,,,0,SP,"AS,CYA-5,ROY-4",CHC,3.0,15,3,.833,2.91,29,0,0,0,0,173.1,56,0,3,694,137,3.72,1.021,7.7,1.4,1.5,9.0,6.21
1,2,Jameson Taillon,32,28,,,67,154,,,21,,,,33,125,,,,,,,1,,,0,SP,,CHC,2.2,12,8,.600,3.27,28,0,0,0,0,165.1,60,2,4,675,122,3.92,1.131,8.4,1.1,1.8,6.8,3.79
2,3,Javier Assad,26,29,,,64,143,,,20,,,,63,124,,,,,,,5,,,0,SP,,CHC,1.6,7,6,.538,3.73,29,0,0,0,0,147.0,61,0,5,638,107,4.64,1.401,8.8,1.2,3.9,7.6,1.97
3,4,Justin Steele*,28,24,,,54,111,,,12,,,,37,135,,,,,,,4,,,0,SP,,CHC,1.9,5,5,.500,3.07,24,0,1,0,0,134.2,46,0,1,555,130,3.23,1.099,7.4,0.8,2.5,9.0,3.65
4,5,Kyle Hendricks,34,29,,,88,147,,,21,,,,43,87,,,,,,,3,,,0,SP,,CHC,-1.6,4,12,.250,5.92,24,4,0,0,0,130.2,86,0,0,567,67,4.98,1.454,10.1,1.4,3.0,6.0,2.02
5,Rk,Player,Age,G,,,R,H,,,HR,,,,BB,SO,,,,,,,HBP,,,IBB,Pos,Awards,CHC,WAR,W,L,W-L%,ERA,GS,GF,CG,SHO,SV,IP,ER,BK,WP,BF,ERA+,FIP,WHIP,H9,HR9,BB9,SO9,SO/BB
6,6,HÃ©ctor Neris,35,46,,,20,41,,,4,,,,26,46,,,,,,,1,,,2,CL,,CHC,0.1,8,4,.667,3.89,0,33,0,0,17,44.0,19,3,1,196,103,4.10,1.523,8.4,0.8,5.3,9.4,1.77
7,7,Drew Smyly*,35,50,,,29,57,,,10,,,,25,56,,,,,,,3,,,3,RP,,CHC,0.0,4,8,.333,3.84,0,8,0,0,0,58.2,25,0,5,257,104,4.90,1.398,8.7,1.5,3.8,8.6,2.24
8,8,Tyson Miller,28,49,,,13,31,,,5,,,,10,42,,,,,,,4,,,0,RP,,CHC,1.3,5,1,.833,2.15,0,9,0,0,1,50.1,12,0,0,190,187,3.62,0.815,5.5,0.9,1.8,7.5,4.20
9,9,Porter Hodge,23,39,,,10,19,,,2,,,,19,52,,,,,,,1,,,0,RP,,CHC,1.3,3,1,.750,1.88,0,17,0,0,9,43.0,9,0,1,164,213,2.75,0.884,4.0,0.4,4.0,10.9,2.74
10,10,Mark Leiter Jr.,33,39,,,20,27,,,2,,,,13,53,,,,,,,1,,,0,RP,,CHC,-0.3,2,4,.333,4.21,0,3,0,0,0,36.1,17,0,2,152,95,2.12,1.101,6.7,0.5,3.2,13.1,4.08
11,Rk,Player,Age,G,,,R,H,,,HR,,,,BB,SO,,,,,,,HBP,,,IBB,Pos,Awards,CHC,WAR,W,L,W-L%,ERA,GS,GF,CG,SHO,SV,IP,ER,BK,WP,BF,ERA+,FIP,WHIP,H9,HR9,BB9,SO9,SO/BB
12,11,Hayden Wesneski,26,28,,,37,56,,,12,,,,21,67,,,,,,,2,,,0,,,CHC,-0.3,3,6,.333,3.86,7,2,0,0,0,67.2,29,1,1,283,104,4.51,1.138,7.4,1.6,2.8,8.9,3.19
13,12,Ben Brown,24,15,,,22,41,,,5,,,,19,64,,,,,,,1,,,0,,,CHC,0.9,1,3,.250,3.58,8,0,0,0,0,55.1,22,0,2,222,112,3.11,1.084,6.7,0.8,3.1,10.4,3.37
14,13,Jordan Wicks*,24,11,,,31,55,,,9,,,,20,42,,,,,,,2,,,0,,,CHC,-0.5,2,4,.333,5.48,10,0,0,0,0,46.0,28,0,3,212,73,5.32,1.630,10.8,1.8,3.9,8.2,2.10
15,14,Keegan Thompson,29,24,,,12,19,,,3,,,,18,36,,,,,,,0,,,0,,,CHC,0.6,2,1,.667,2.67,0,9,0,0,2,30.1,9,0,0,127,151,3.86,1.220,5.6,0.9,5.3,10.7,2.00
16,15,Jorge LÃ³pez,31,24,,,6,21,,,3,,,,8,31,,,,,,,0,,,0,,,CHC,0.6,1,1,.500,2.03,0,8,0,0,2,26.2,6,0,0,106,199,3.20,1.088,7.1,1.0,2.7,10.5,3.88
17,16,Ethan Roberts,26,21,,,11,31,,,3,,,,10,26,,,,,,,1,,,0,,,CHC,0.2,1,1,.500,3.71,0,6,0,0,0,26.2,11,0,1,118,109,3.92,1.538,10.5,1.0,3.4,8.8,2.60
18,17,Nate Pearson,27,19,,,8,22,,,4,,,,4,23,,,,,,,1,,,0,,,CHC,0.5,2,1,.667,2.73,1,5,0,0,0,26.1,8,0,0,103,147,3.96,0.987,7.5,1.4,1.4,7.9,5.75
19,18,Luke Little*,23,30,,,11,15,,,1,,,,18,28,,,,,,,4,,,1,,,CHC,0.3,3,1,.750,3.46,1,7,0,0,0,26.0,10,0,3,109,116,4.05,1.269,5.2,0.3,6.2,9.7,1.56
20,19,Colten Brewer,31,16,,,16,24,,,1,,,,9,22,,,,,,,1,,,0,,,CHC,-0.6,0,0,,5.66,0,8,0,0,1,20.2,13,0,1,95,71,3.12,1.597,10.5,0.4,3.9,9.6,2.44
21,20,Adbert Alzolay,29,18,,,13,19,,,6,,,,6,13,,,,,,,1,,,0,,,CHC,-0.6,1,4,.200,4.67,0,11,0,0,4,17.1,9,0,0,75,87,7.38,1.442,9.9,3.1,3.1,6.8,2.17
22,21,Yency Almonte,30,17,,,7,9,,,1,,,,8,20,,,,,,,2,,,1,,,CHC,0.1,1,0,1.000,3.45,0,2,0,0,1,15.2,6,0,1,67,118,3.36,1.085,5.2,0.6,4.6,11.5,2.50
23,22,Julian Merryweather,32,15,,,11,18,,,0,,,,9,14,,,,,,,3,,,0,,,CHC,-0.4,1,1,.500,6.60,0,4,0,0,0,15.0,11,0,2,74,62,3.70,1.800,10.8,0.0,5.4,8.4,1.56
24,23,Daniel Palencia,24,10,,,11,14,,,0,,,,12,16,,,,,,,1,,,0,,,CHC,-0.1,0,1,.000,6.14,0,3,0,0,1,14.2,10,0,0,69,66,3.64,1.773,8.6,0.0,7.4,9.8,1.33
25,24,JosÃ© Cuas,30,9,,,12,16,,,3,,,,6,14,,,,,,,3,,,0,,,CHC,-0.4,0,0,,7.43,0,2,0,0,0,13.1,11,0,2,65,55,6.02,1.650,10.8,2.0,4.1,9.5,2.33
26,25,Caleb Kilian,27,2,,,6,11,,,2,,,,6,7,,,,,,,0,,,0,,,CHC,0.0,0,1,.000,4.22,1,0,0,0,0,10.2,5,0,1,48,98,5.98,1.594,9.3,1.7,5.1,5.9,1.17
27,26,Shawn Armstrong,33,8,,,4,10,,,0,,,,4,4,,,,,,,0,,,0,,,CHC,0.0,0,1,.000,4.91,0,2,0,0,0,7.1,4,0,0,32,85,3.71,1.909,12.3,0.0,4.9,4.9,1.00
28,27,Jack Neely,24,6,,,6,8,,,2,,,,2,7,,,,,,,0,,,0,,,CHC,-0.2,0,0,,9.00,0,6,0,0,0,6.0,6,0,1,28,47,6.17,1.667,12.0,3.0,3.0,10.5,3.50
29,28,Trey Wingenter,30,5,,,2,8,,,1,,,,2,3,,,,,,,0,,,0,,,CHC,0.1,0,0,,3.00,0,4,0,0,0,6.0,2,0,0,28,141,5.33,1.667,12.0,1.5,3.0,4.5,1.50
30,29,Richard Lovelady*,28,7,,,5,9,,,1,,,,2,6,,,,,,,0,,,0,,,CHC,-0.3,0,1,.000,7.94,0,0,0,0,0,5.2,5,0,0,28,53,4.40,1.941,14.3,1.6,3.2,9.5,3.00
31,30,JesÃºs Tinoco,29,2,,,0,3,,,0,,,,0,3,,,,,,,0,,,0,,,CHC,0.2,0,0,,0.00,0,2,0,0,0,4.0,0,0,0,14,,1.67,0.750,6.8,0.0,0.0,6.8,
32,31,Hunter Bigge,26,4,,,1,3,,,0,,,,2,5,,,,,,,0,,,0,,,CHC,0.1,0,0,,2.70,0,2,0,0,0,3.1,1,0,0,15,164,1.97,1.500,8.1,0.0,5.4,13.5,2.50
33,32,Gavin Hollowell,26,1,,,0,2,,,0,,,,0,1,,,,,,,0,,,0,,,CHC,0.1,0,0,,0.00,0,1,0,0,0,1.1,0,0,0,6,,1.67,1.500,13.5,0.0,0.0,6.8,
34,33,Enoli Paredes,28,1,,,0,0,,,0,,,,0,2,,,,,,,0,,,0,,,CHC,0.0,0,0,,0.00,0,1,0,0,0,1.0,0,0,0,3,,-0.83,0.000,0.0,0.0,0.0,18.0,
35,34,David Bote,31,1,,,0,1,,,0,,,,1,0,,,,,,,0,,,0,,,CHC,0.0,0,0,,0.00,0,1,0,0,0,1.0,0,0,0,5,,6.17,2.000,9.0,0.0,9.0,0.0,0.00
36,35,Matt Mervis,26,1,,,6,7,,,0,,,,0,0,,,,,,,0,,,0,,,CHC,-0.2,0,0,,81.00,0,0,0,0,0,0.2,6,0,0,9,8,3.17,10.500,94.5,0.0,0.0,0.0,
37,36,Patrick Wisdom,32,1,,,0,1,,,0,,,,1,0,,,,,,,0,,,0,,,CHC,0.0,0,0,,0.00,0,1,0,0,0,0.1,0,0,0,3,,12.17,6.000,27.0,0.0,27.0,0.0,0.00
38,,Team Totals,,162,,,669,1302,,,181,,,,485,1348,,,,,,,48,,,7,,,CHC,9.5,83,79,.512,3.79,162,161,1,0,38,1432.1,603,6,40,6032,106,4.04,1.248,8.2,1.1,3.0,8.5,2.78
0,1,Miles Mikolas,35,32,,,106,194,,,26,,,,25,122,,,,,,,5,,,0,SP,,STL,-0.2,10,11,.476,5.35,32,0,0,0,0,171.2,102,1,0,720,78,4.24,1.276,10.2,1.4,1.3,6.4,4.88
1,2,Kyle Gibson,36,30,,,91,161,,,23,,,,68,151,,,,,,,4,,,1,SP,,STL,0.9,8,8,.500,4.24,30,0,0,0,0,169.2,80,0,5,722,99,4.42,1.350,8.5,1.2,3.6,8.0,2.22
2,3,Sonny Gray,34,28,,,79,142,,,21,,,,39,203,,,,,,,3,,,0,SP,,STL,1.8,13,9,.591,3.84,28,0,0,0,0,166.1,71,1,7,671,109,3.12,1.088,7.7,1.1,2.1,11.0,5.21
3,4,Andre Pallante,25,29,,,55,110,,,8,,,,48,94,,,,,,,2,,,0,SP,,STL,1.6,8,8,.500,3.78,20,1,0,0,0,121.1,51,2,12,509,111,3.71,1.302,8.2,0.6,3.6,7.0,1.96
4,5,Lance Lynn,37,23,,,64,113,,,16,,,,44,109,,,,,,,4,,,0,SP,,STL,0.3,7,4,.636,3.84,23,0,0,0,0,117.1,50,0,3,511,109,4.31,1.338,8.7,1.2,3.4,8.4,2.48
5,Rk,Player,Age,G,,,R,H,,,HR,,,,BB,SO,,,,,,,HBP,,,IBB,Pos,Awards,STL,WAR,W,L,W-L%,ERA,GS,GF,CG,SHO,SV,IP,ER,BK,WP,BF,ERA+,FIP,WHIP,H9,HR9,BB9,SO9,SO/BB
6,6,Ryan Helsley,29,65,,,19,50,,,3,,,,23,79,,,,,,,0,,,3,CL,"AS,CYA-9",STL,3.0,7,4,.636,2.04,0,62,0,0,49,66.1,15,0,1,266,206,2.41,1.101,6.8,0.4,3.1,10.7,3.43
7,7,Matthew Liberatore*,24,60,,,44,81,,,11,,,,28,76,,,,,,,2,,,3,RP,,STL,0.3,3,4,.429,4.40,6,8,0,0,0,86.0,42,0,3,358,95,4.11,1.267,8.5,1.2,2.9,8.0,2.71
8,8,Andrew Kittredge,34,74,,,26,60,,,10,,,,20,67,,,,,,,0,,,2,RP,,STL,1.5,5,5,.500,2.80,0,4,0,0,1,70.2,22,0,0,287,150,3.96,1.132,7.6,1.3,2.5,8.5,3.35
9,9,Ryan Fernandez,26,62,,,30,58,,,4,,,,32,71,,,,,,,2,,,5,RP,,STL,1.0,1,6,.143,3.51,0,16,0,0,2,66.2,26,0,0,285,120,3.35,1.350,7.8,0.5,4.3,9.6,2.22
10,10,JoJo Romero*,27,65,,,23,52,,,8,,,,16,51,,,,,,,5,,,0,RP,,STL,0.9,7,3,.700,3.36,0,7,0,0,1,59.0,22,0,1,243,125,4.27,1.153,7.9,1.2,2.4,7.8,3.19
11,Rk,Player,Age,G,,,R,H,,,HR,,,,BB,SO,,,,,,,HBP,,,IBB,Pos,Awards,STL,WAR,W,L,W-L%,ERA,GS,GF,CG,SHO,SV,IP,ER,BK,WP,BF,ERA+,FIP,WHIP,H9,HR9,BB9,SO9,SO/BB
12,11,John King*,29,56,,,23,58,,,5,,,,14,38,,,,,,,1,,,1,,,STL,0.8,3,3,.500,2.85,0,10,0,0,0,60.0,19,1,3,248,148,3.73,1.200,8.7,0.8,2.1,5.7,2.71
13,12,Erick Fedde,31,10,,,23,49,,,6,,,,18,46,,,,,,,3,,,0,,,STL,0.9,2,5,.286,3.72,10,0,0,0,0,55.2,23,0,1,224,113,4.05,1.204,7.9,1.0,2.9,7.4,2.56
14,13,Kyle Leahy,27,33,,,23,40,,,4,,,,10,33,,,,,,,1,,,0,,,STL,0.2,1,1,.500,4.07,0,14,0,0,1,48.2,22,0,3,191,104,3.56,1.027,7.4,0.7,1.8,6.1,3.30
15,14,Steven Matz*,33,12,,,28,49,,,7,,,,15,33,,,,,,,2,,,1,,,STL,-0.2,1,2,.333,5.08,7,2,0,0,0,44.1,25,0,1,190,83,4.88,1.444,9.9,1.4,3.0,6.7,2.20
16,15,Chris Roycroft,27,27,,,19,31,,,2,,,,17,33,,,,,,,4,,,0,,,STL,-0.1,1,2,.333,4.19,0,13,0,0,0,34.1,16,0,1,155,101,3.84,1.398,8.1,0.5,4.5,8.7,1.94
17,16,Michael McGreevy,23,4,,,5,16,,,1,,,,2,18,,,,,,,1,,,0,,,STL,0.9,3,0,1.000,1.96,3,1,0,0,0,23.0,5,0,0,86,217,2.56,0.783,6.3,0.4,0.8,7.0,9.00
18,17,Giovanny Gallegos,32,21,,,15,24,,,6,,,,10,21,,,,,,,0,,,0,,,STL,-0.3,2,1,.667,6.53,0,6,0,0,1,20.2,15,0,1,94,65,6.36,1.645,10.5,2.6,4.4,9.1,2.10
19,18,Zack Thompson*,26,5,,,18,24,,,6,,,,8,20,,,,,,,1,,,0,,,STL,-0.6,0,2,.000,9.53,2,0,0,0,0,17.0,18,0,0,83,45,6.99,1.882,12.7,3.2,4.2,10.6,2.50
20,19,Shawn Armstrong,33,11,,,4,11,,,1,,,,2,12,,,,,,,0,,,0,,,STL,0.2,1,0,1.000,2.84,0,3,0,0,0,12.2,4,0,0,49,151,2.77,1.026,7.8,0.7,1.4,8.5,6.00
21,20,Nick Robertson,25,8,,,6,15,,,3,,,,2,14,,,,,,,0,,,0,,,STL,0.0,0,0,,4.38,0,6,0,0,0,12.1,6,0,0,52,98,4.54,1.378,10.9,2.2,1.5,10.2,7.00
22,21,Riley O'Brien,29,8,,,10,13,,,2,,,,8,11,,,,,,,1,,,0,,,STL,-0.4,0,0,,11.25,0,4,0,0,0,8.0,10,0,1,46,39,7.04,2.625,14.6,2.3,9.0,12.4,1.38
23,22,Gordon Graceffo,24,2,,,4,7,,,1,,,,2,6,,,,,,,0,,,0,,,STL,0.0,0,1,.000,4.70,1,1,0,0,0,7.2,4,0,0,31,93,4.08,1.174,8.2,1.2,2.3,7.0,3.00
24,23,Ryan Loutos,25,3,,,0,2,,,0,,,,1,0,,,,,,,0,,,0,,,STL,0.1,0,0,,0.00,0,3,0,0,0,2.1,0,0,0,10,,4.45,1.286,7.7,0.0,3.9,0.0,0.00
25,24,Brandon Crawford,37,1,,,4,3,,,0,,,,2,0,,,,,,,1,,,0,,,STL,-0.1,0,0,,27.00,0,1,0,0,0,1.1,4,0,0,10,20,9.92,3.750,20.3,0.0,13.5,0.0,0.00
26,25,Adam Kloffenstein,23,1,,,0,0,,,0,,,,0,0,,,,,,,0,,,0,,,STL,0.1,0,0,,0.00,0,0,0,0,0,1.0,0,0,0,3,,3.17,0.000,0.0,0.0,0.0,0.0,
27,,Team Totals,,162,,,719,1363,,,174,,,,454,1308,,,,,,,42,,,16,,,STL,12.6,83,79,.512,4.06,162,162,0,0,55,1444.0,652,5,43,6044,104,3.95,1.258,8.5,1.1,2.8,8.2,2.88
0,1,Hunter Greene,24,26,,,47,96,,,12,,,,57,169,,,,,,,19,,,0,SP,"AS,CYA-8",CIN,6.3,9,5,.643,2.75,26,0,0,0,0,150.1,46,1,7,611,160,3.47,1.018,5.7,0.7,3.4,10.1,2.96
1,2,Andrew Abbott*,25,25,,,60,127,,,25,,,,52,114,,,,,,,2,,,1,SP,,CIN,3.3,10,10,.500,3.72,25,0,0,0,0,138.0,57,0,5,586,118,5.04,1.297,8.3,1.6,3.4,7.4,2.19
2,3,Nick Lodolo*,26,21,,,62,101,,,13,,,,37,122,,,,,,,18,,,0,SP,,CIN,1.2,9,6,.600,4.76,21,0,0,0,0,115.1,61,0,1,493,92,3.95,1.197,7.9,1.0,2.9,9.5,3.30
3,4,Frankie Montas,31,19,,,56,93,,,14,,,,41,78,,,,,,,5,,,0,SP,,CIN,0.6,4,8,.333,5.01,19,0,0,0,0,93.1,52,0,3,411,88,4.92,1.436,9.0,1.4,4.0,7.5,1.90
4,5,Graham Ashcraft,26,15,,,50,89,,,11,,,,27,57,,,,,,,6,,,0,SP,,CIN,0.3,5,5,.500,5.24,15,0,0,0,0,77.1,45,0,4,350,84,4.82,1.500,10.4,1.3,3.1,6.6,2.11
5,Rk,Player,Age,G,,,R,H,,,HR,,,,BB,SO,,,,,,,HBP,,,IBB,Pos,Awards,CIN,WAR,W,L,W-L%,ERA,GS,GF,CG,SHO,SV,IP,ER,BK,WP,BF,ERA+,FIP,WHIP,H9,HR9,BB9,SO9,SO/BB
6,6,Alexis DÃ­az,27,60,,,31,42,,,6,,,,31,55,,,,,,,6,,,1,CL,,CIN,0.5,2,5,.286,3.99,0,50,0,0,28,56.1,25,1,1,242,111,4.57,1.296,6.7,1.0,5.0,8.8,1.77
7,7,Buck Farmer,33,61,,,25,56,,,7,,,,29,70,,,,,,,7,,,6,RP,,CIN,1.7,3,2,.600,3.04,1,21,0,0,1,71.0,24,0,1,299,145,4.00,1.197,7.1,0.9,3.7,8.9,2.41
8,8,Fernando Cruz,34,69,,,36,54,,,9,,,,35,109,,,,,,,1,,,2,RP,,CIN,0.3,3,8,.273,4.86,3,6,0,0,0,66.2,36,0,8,288,91,3.27,1.335,7.3,1.2,4.7,14.7,3.11
9,9,Justin Wilson*,36,60,,,30,55,,,10,,,,13,51,,,,,,,2,,,1,RP,,CIN,-0.2,1,5,.167,5.59,0,15,0,0,2,46.2,29,0,3,209,79,4.73,1.457,10.6,1.9,2.5,9.8,3.92
10,10,Sam Moll*,32,48,,,16,27,,,3,,,,14,38,,,,,,,2,,,2,RP,,CIN,0.8,3,2,.600,3.35,0,7,0,0,0,37.2,14,0,0,152,132,3.46,1.088,6.5,0.7,3.3,9.1,2.71
11,Rk,Player,Age,G,,,R,H,,,HR,,,,BB,SO,,,,,,,HBP,,,IBB,Pos,Awards,CIN,WAR,W,L,W-L%,ERA,GS,GF,CG,SHO,SV,IP,ER,BK,WP,BF,ERA+,FIP,WHIP,H9,HR9,BB9,SO9,SO/BB
12,11,Nick Martinez,33,42,,,56,128,,,13,,,,18,116,,,,,,,5,,,0,,,CIN,4.0,10,7,.588,3.10,16,3,1,0,0,142.1,49,0,4,570,142,3.21,1.026,8.1,0.8,1.1,7.3,6.44
13,12,Carson Spiers,26,22,,,59,112,,,20,,,,27,80,,,,,,,5,,,0,,,CIN,0.0,5,7,.417,5.46,10,4,0,0,0,90.2,55,0,0,410,81,5.33,1.533,11.1,2.0,2.7,7.9,2.96
14,13,Brent Suter*,34,47,,,25,63,,,10,,,,12,50,,,,,,,3,,,0,,,CIN,1.4,1,0,1.000,3.15,3,20,0,0,2,65.2,23,0,2,270,140,4.31,1.142,8.6,1.4,1.6,6.9,4.17
15,14,Jakob Junis,31,14,,,13,29,,,4,,,,3,32,,,,,,,2,,,0,,,CIN,1.2,0,0,,2.85,5,1,0,0,0,41.0,13,0,0,152,155,3.24,0.780,6.4,0.9,0.7,7.0,10.67
16,15,Emilio PagÃ¡n,33,38,,,20,40,,,6,,,,11,44,,,,,,,0,,,0,,,CIN,0.4,4,5,.444,4.50,1,5,0,0,1,38.0,19,1,0,158,98,3.77,1.342,9.5,1.4,2.6,10.4,4.00
17,16,Lucas Sims,30,43,,,14,30,,,6,,,,20,40,,,,,,,1,,,0,,,CIN,0.8,1,4,.200,3.57,0,5,0,0,1,35.1,14,0,1,154,124,4.89,1.415,7.6,1.5,5.1,10.2,2.00
18,17,Julian Aguiar,23,7,,,22,30,,,8,,,,12,19,,,,,,,5,,,1,,,CIN,-0.1,2,1,.667,6.25,7,0,0,0,0,31.2,22,0,1,140,71,6.86,1.326,8.5,2.3,3.4,5.4,1.58
19,18,Rhett Lowder,22,6,,,4,25,,,0,,,,14,22,,,,,,,0,,,0,,,CIN,1.9,2,2,.500,1.17,6,0,0,0,0,30.2,4,0,0,128,378,3.10,1.272,7.3,0.0,4.1,6.5,1.57
20,19,Tony Santillan,27,29,,,11,21,,,4,,,,9,46,,,,,,,0,,,0,,,CIN,0.7,3,3,.500,3.00,1,2,0,0,0,30.0,10,0,1,122,148,2.73,1.000,6.3,1.2,2.7,13.8,5.11
21,20,Yosver Zulueta,26,12,,,10,15,,,2,,,,7,20,,,,,,,1,,,0,,,CIN,0.1,0,0,,4.96,0,6,0,0,0,16.1,9,0,1,69,90,3.78,1.347,8.3,1.1,3.9,11.0,2.86
22,21,Brandon Williamson*,26,4,,,7,10,,,4,,,,5,12,,,,,,,2,,,0,,,CIN,0.3,0,0,,3.77,3,0,0,0,0,14.1,6,0,0,59,119,6.58,1.047,6.3,2.5,3.1,7.5,2.40
23,22,Casey Legumina,27,6,,,11,15,,,2,,,,2,7,,,,,,,1,,,0,,,CIN,-0.3,0,0,,8.68,0,6,0,0,0,9.1,9,0,0,47,52,5.42,1.821,14.5,1.9,1.9,6.8,3.50
24,23,Brandon Leibrandt*,31,2,,,7,11,,,3,,,,2,5,,,,,,,0,,,0,,,CIN,-0.2,0,0,,9.95,0,1,0,0,0,6.1,7,0,0,32,47,8.69,2.053,15.6,4.3,2.8,7.1,2.50
25,24,Casey Kelly,34,2,,,3,5,,,1,,,,1,4,,,,,,,0,,,0,,,CIN,0.0,0,0,,5.06,0,1,0,0,1,5.1,3,0,0,21,92,4.67,1.125,8.4,1.7,1.7,6.8,4.00
26,25,Alan Busenitz,33,3,,,7,9,,,1,,,,0,3,,,,,,,0,,,0,,,CIN,-0.3,0,0,,13.50,0,2,0,0,0,4.0,6,0,0,21,35,4.92,2.250,20.3,2.3,0.0,6.8,
27,26,Luke Maile,33,3,,,6,6,,,1,,,,0,0,,,,,,,0,,,0,,,CIN,-0.2,0,0,,14.73,0,3,0,0,0,3.2,6,0,0,18,33,6.71,1.636,14.7,2.5,0.0,0.0,
28,27,David Buchanan,35,1,,,1,2,,,0,,,,2,1,,,,,,,0,,,0,,,CIN,0.1,0,0,,2.70,0,0,0,0,0,3.1,1,0,0,14,180,4.37,1.200,5.4,0.0,5.4,2.7,0.50
29,28,Ian Gibaut,30,2,,,1,3,,,0,,,,1,1,,,,,,,0,,,0,,,CIN,0.0,0,0,,4.50,0,0,0,0,0,2.0,1,0,0,10,115,3.67,2.000,13.5,0.0,4.5,4.5,1.00
30,29,Tejay Antone,30,4,,,2,2,,,0,,,,4,2,,,,,,,0,,,0,,,CIN,0.0,0,0,,4.50,0,2,0,0,0,2.0,1,0,0,11,115,7.17,3.000,9.0,0.0,18.0,9.0,0.50
31,30,Alex Young*,30,3,,,0,4,,,0,,,,0,2,,,,,,,0,,,0,,,CIN,0.1,0,0,,0.00,0,1,0,0,0,2.0,0,0,0,10,,1.17,2.000,18.0,0.0,0.0,9.0,
32,31,Evan Kravetz*,27,1,,,0,0,,,0,,,,0,0,,,,,,,0,,,0,,,CIN,0.0,0,0,,0.00,0,0,0,0,0,0.2,0,0,0,2,,3.17,0.000,0.0,0.0,0.0,0.0,
33,32,Lyon Richardson,24,1,,,2,2,,,1,,,,1,1,,,,,,,0,,,0,,,CIN,-0.1,0,0,,27.00,0,0,0,0,0,0.2,2,0,0,5,25,24.17,4.500,27.0,13.5,13.5,13.5,1.00
34,,Team Totals,,162,,,694,1302,,,196,,,,487,1370,,,,,,,93,,,14,,,CIN,24.5,77,85,.475,4.09,162,161,1,0,36,1428.0,649,3,43,6064,108,4.25,1.253,8.2,1.2,3.1,8.6,2.81
0,1,Mitch Keller,28,31,,,90,182,,,23,,,,50,166,,,,,,,15,,,0,SP,,PIT,2.0,11,12,.478,4.25,31,0,1,0,0,178.0,84,2,1,773,99,4.08,1.303,9.2,1.2,2.5,8.4,3.32
1,2,Bailey Falter*,27,28,,,72,138,,,17,,,,45,97,,,,,,,0,,,0,SP,,PIT,1.7,8,9,.471,4.43,28,0,0,0,0,142.1,70,0,0,589,95,4.30,1.286,8.7,1.1,2.8,6.1,2.16
2,3,Paul Skenes,22,23,,,31,94,,,10,,,,32,170,,,,,,,6,,,0,SP,"AS,CYA-3,MVP-19,ROY-1",PIT,5.9,11,3,.786,1.96,23,0,0,0,0,133.0,29,1,2,514,214,2.44,0.947,6.4,0.7,2.2,11.5,5.31
3,4,Jared Jones,22,22,,,60,106,,,18,,,,39,132,,,,,,,5,,,1,SP,,PIT,1.8,6,8,.429,4.14,22,0,0,0,0,121.2,56,0,3,504,101,4.00,1.192,7.8,1.3,2.9,9.8,3.38
4,5,MartÃ­n PÃ©rez*,33,16,,,51,105,,,13,,,,32,63,,,,,,,3,,,0,SP,,PIT,-0.1,2,5,.286,5.20,16,0,0,0,0,83.0,48,1,2,373,81,4.95,1.651,11.4,1.4,3.5,6.8,1.97
5,Rk,Player,Age,G,,,R,H,,,HR,,,,BB,SO,,,,,,,HBP,,,IBB,Pos,Awards,PIT,WAR,W,L,W-L%,ERA,GS,GF,CG,SHO,SV,IP,ER,BK,WP,BF,ERA+,FIP,WHIP,H9,HR9,BB9,SO9,SO/BB
6,6,David Bednar,29,62,,,40,54,,,9,,,,28,58,,,,,,,3,,,3,CL,,PIT,-0.9,3,8,.273,5.77,0,45,0,0,23,57.2,37,0,2,262,73,4.80,1.422,8.4,1.4,4.4,9.1,2.07
7,7,Aroldis Chapman*,36,68,,,31,44,,,5,,,,39,98,,,,,,,2,,,0,RP,,PIT,0.4,5,5,.500,3.79,0,18,0,0,14,61.2,26,2,4,265,111,3.04,1.346,6.4,0.7,5.7,14.3,2.51
8,8,Kyle Nicolas,25,51,,,30,51,,,4,,,,31,55,,,,,,,4,,,1,RP,,PIT,0.2,2,2,.500,3.95,0,20,0,0,0,54.2,24,1,7,243,106,4.03,1.500,8.4,0.7,5.1,9.1,1.77
9,9,Colin Holderman,28,55,,,23,42,,,6,,,,25,56,,,,,,,5,,,0,RP,,PIT,0.7,3,6,.333,3.16,0,5,0,0,0,51.1,18,0,2,223,133,4.26,1.305,7.4,1.1,4.4,9.8,2.24
10,10,Carmen Mlodzinski,25,40,,,22,41,,,3,,,,19,46,,,,,,,2,,,1,RP,,PIT,0.8,5,5,.500,3.38,4,5,0,0,0,50.2,19,0,1,209,125,3.36,1.184,7.3,0.5,3.4,8.2,2.42
11,Rk,Player,Age,G,,,R,H,,,HR,,,,BB,SO,,,,,,,HBP,,,IBB,Pos,Awards,PIT,WAR,W,L,W-L%,ERA,GS,GF,CG,SHO,SV,IP,ER,BK,WP,BF,ERA+,FIP,WHIP,H9,HR9,BB9,SO9,SO/BB
12,11,Luis Ortiz,25,37,,,56,109,,,16,,,,42,107,,,,,,,9,,,3,,,PIT,3.0,7,6,.538,3.32,15,2,0,0,1,135.2,50,1,2,556,126,4.25,1.113,7.2,1.1,2.8,7.1,2.55
13,12,Quinn Priester,23,10,,,29,52,,,7,,,,13,31,,,,,,,2,,,0,,,PIT,-0.3,2,6,.250,5.04,6,1,0,0,0,44.2,25,0,1,201,84,4.82,1.455,10.5,1.4,2.6,6.2,2.38
14,13,Dennis Santana,28,39,,,14,30,,,2,,,,11,50,,,,,,,3,,,0,,,PIT,1.3,1,1,.500,2.44,0,13,0,0,1,44.1,12,0,0,172,173,2.44,0.925,6.1,0.4,2.2,10.2,4.55
15,14,Hunter Stratton,27,36,,,17,37,,,3,,,,7,33,,,,,,,3,,,0,,,PIT,0.6,2,1,.667,3.58,0,8,0,0,1,37.2,15,0,2,158,118,3.25,1.168,8.8,0.7,1.7,7.9,4.71
16,15,Marco Gonzales*,32,7,,,17,43,,,5,,,,11,23,,,,,,,0,,,0,,,PIT,0.5,1,1,.500,4.54,7,0,0,0,0,33.2,17,0,0,151,93,4.71,1.604,11.5,1.3,2.9,6.1,2.09
17,16,Josh Fleming*,28,25,,,18,34,,,3,,,,14,17,,,,,,,1,,,0,,,PIT,0.0,1,1,.500,4.02,3,9,0,0,1,31.1,14,0,1,138,105,4.76,1.532,9.8,0.9,4.0,4.9,1.21
18,17,Jake Woodford,27,7,,,27,33,,,4,,,,4,19,,,,,,,2,,,0,,,PIT,-0.9,0,4,.000,7.09,5,1,0,0,0,26.2,21,0,2,121,60,4.37,1.388,11.1,1.4,1.4,6.4,4.75
19,18,Ryder Ryan,29,15,,,14,21,,,2,,,,9,17,,,,,,,3,,,0,,,PIT,-0.2,1,0,1.000,5.66,0,5,0,0,0,20.2,13,0,0,93,75,4.52,1.452,9.1,0.9,3.9,7.4,1.89
20,19,Jalen Beeks*,30,26,,,13,28,,,0,,,,9,17,,,,,,,2,,,1,,,PIT,-0.1,1,0,1.000,3.92,0,6,0,0,1,20.2,9,0,2,101,109,3.12,1.790,12.2,0.0,3.9,7.4,1.89
21,20,Domingo GermÃ¡n,31,7,,,19,25,,,4,,,,13,18,,,,,,,2,,,1,,,PIT,-0.5,0,1,.000,7.84,2,3,0,0,0,20.2,18,1,2,100,54,6.12,1.839,10.9,1.7,5.7,7.8,1.38
22,21,Roansy Contreras,24,12,,,8,19,,,3,,,,8,16,,,,,,,0,,,2,,,PIT,0.1,1,0,1.000,4.41,0,6,0,0,0,16.1,8,0,0,74,97,5.06,1.653,10.5,1.7,4.4,8.8,2.00
23,22,Ben Heller,32,8,,,16,19,,,1,,,,6,15,,,,,,,6,,,1,,,PIT,-0.7,0,1,.000,11.25,0,2,0,0,0,12.0,15,0,0,66,38,4.75,2.083,14.3,0.8,4.5,11.3,2.50
24,23,Joey Wentz*,26,8,,,2,6,,,0,,,,6,13,,,,,,,1,,,0,,,PIT,0.5,1,0,1.000,1.50,0,0,0,0,0,12.0,2,0,0,50,287,2.75,1.000,4.5,0.0,4.5,9.8,2.17
25,24,Ryan Borucki*,30,14,,,10,14,,,2,,,,4,13,,,,,,,1,,,0,,,PIT,-0.4,0,0,,7.36,0,3,0,0,0,11.0,9,0,0,51,59,4.53,1.636,11.5,1.6,3.3,10.6,3.25
26,25,Daulton Jefferies,28,4,,,7,10,,,2,,,,2,8,,,,,,,1,,,0,,,PIT,-0.1,0,0,,6.30,0,2,0,0,0,10.0,7,0,0,42,69,5.07,1.200,9.0,1.8,1.8,7.2,4.00
27,26,Justin Bruihl*,27,7,,,6,9,,,1,,,,1,5,,,,,,,1,,,1,,,PIT,-0.3,0,0,,9.53,0,0,0,0,0,5.2,6,0,1,27,47,4.75,1.765,14.3,1.6,1.6,7.9,5.00
28,27,Isaac Mattson,28,3,,,3,1,,,0,,,,5,6,,,,,,,1,,,0,,,PIT,0.0,0,0,,5.06,0,1,0,0,0,5.1,3,0,0,23,88,4.29,1.125,1.7,0.0,8.4,10.1,1.20
29,28,Jose Hernandez*,26,7,,,2,5,,,1,,,,4,4,,,,,,,0,,,1,,,PIT,0.2,1,1,.500,3.38,0,2,0,0,1,5.1,2,1,1,25,132,6.35,1.688,8.4,1.7,6.8,6.8,1.00
30,29,Brent Honeywell Jr.,29,2,,,1,3,,,0,,,,2,1,,,,,,,0,,,0,,,PIT,0.1,0,0,,2.70,0,1,0,0,0,3.1,1,0,0,15,172,4.37,1.500,8.1,0.0,5.4,2.7,0.50
31,30,Mike Burrows,24,1,,,2,2,,,1,,,,3,2,,,,,,,0,,,0,,,PIT,0.0,1,0,1.000,2.70,0,0,0,0,0,3.1,1,0,0,14,172,8.57,1.500,5.4,2.7,8.1,5.4,0.67
32,31,Rowdy Tellez*,29,3,,,2,5,,,0,,,,1,0,,,,,,,2,,,0,,,PIT,0.0,0,0,,6.75,0,3,0,0,0,2.2,2,0,0,15,70,6.54,2.250,16.9,0.0,3.4,0.0,0.00
33,32,Brady Feigl*,33,1,,,6,7,,,1,,,,0,0,,,,,,,0,,,0,,,PIT,-0.2,0,0,,32.40,0,0,0,0,0,1.2,6,0,0,11,16,10.97,4.200,37.8,5.4,0.0,0.0,
34,,Team Totals,,162,,,739,1369,,,166,,,,515,1356,,,,,,,85,,,16,,,PIT,15.2,76,86,.469,4.17,162,161,1,0,43,1438.2,667,10,38,6159,101,4.03,1.310,8.6,1.0,3.2,8.5,2.63
0,1.0,Shohei Ohtani*,29.0,16,76.0,61.0,14,14,1.0,0.0,3,10.0,0.0,2.0,13,22,0.23,0.373,0.393,0.767,24.0,0.0,1,0.0,0.0,0,*D,,LAD,,,,,,,,,,,,,,,,,,,,,,,
1,2.0,Mookie Betts,31.0,16,75.0,62.0,14,18,5.0,0.0,4,16.0,2.0,0.0,11,10,0.29,0.387,0.565,0.951,35.0,1.0,0,0.0,2.0,3,*9,,LAD,,,,,,,,,,,,,,,,,,,,,,,
2,3.0,Teoscar HernÃ¡ndez,31.0,16,71.0,60.0,8,15,1.0,0.0,3,12.0,1.0,0.0,10,15,0.25,0.352,0.417,0.769,25.0,0.0,0,0.0,1.0,0,*7,,LAD,,,,,,,,,,,,,,,,,,,,,,,
3,4.0,Max Muncy*,33.0,16,67.0,49.0,8,8,1.0,0.0,3,5.0,2.0,0.0,15,20,0.163,0.388,0.367,0.755,18.0,1.0,3,0.0,0.0,0,*5/3,,LAD,,,,,,,,,,,,,,,,,,,,,,,
4,5.0,Tommy Edman#,29.0,16,67.0,61.0,12,20,5.0,0.0,2,13.0,5.0,0.0,3,10,0.328,0.354,0.508,0.862,31.0,1.0,0,2.0,1.0,0,*6/8,NLCS MVP,LAD,,,,,,,,,,,,,,,,,,,,,,,
5,6.0,Will Smith,29.0,16,65.0,56.0,9,8,1.0,0.0,3,8.0,1.0,0.0,8,9,0.143,0.246,0.321,0.568,18.0,1.0,0,0.0,1.0,0,*2,,LAD,,,,,,,,,,,,,,,,,,,,,,,
6,7.0,KikÃ© HernÃ¡ndez,32.0,14,57.0,51.0,11,15,0.0,1.0,2,6.0,0.0,1.0,4,11,0.294,0.357,0.451,0.808,23.0,1.0,1,1.0,0.0,0,/854,,LAD,,,,,,,,,,,,,,,,,,,,,,,
7,8.0,Freddie Freeman*,34.0,13,55.0,52.0,6,13,0.0,1.0,4,13.0,1.0,0.0,3,7,0.25,0.291,0.519,0.81,27.0,0.0,0,0.0,0.0,0,*3,WS MVP,LAD,,,,,,,,,,,,,,,,,,,,,,,
8,9.0,Gavin Lux*,26.0,12,43.0,34.0,5,6,1.0,0.0,1,4.0,1.0,0.0,5,6,0.176,0.286,0.294,0.58,10.0,0.0,1,1.0,2.0,0,*4/H,,LAD,,,,,,,,,,,,,,,,,,,,,,,
9,10.0,Andy Pages,23.0,8,20.0,19.0,3,4,0.0,0.0,2,4.0,0.0,0.0,0,6,0.211,0.25,0.526,0.776,10.0,0.0,1,0.0,0.0,0,*/87H,,LAD,,,,,,,,,,,,,,,,,,,,,,,
10,11.0,Chris Taylor,33.0,13,16.0,13.0,3,3,0.0,0.0,0,0.0,1.0,0.0,2,5,0.231,0.333,0.231,0.564,3.0,0.0,0,1.0,0.0,0,/74H58,,LAD,,,,,,,,,,,,,,,,,,,,,,,
11,12.0,Miguel Rojas,35.0,4,11.0,11.0,0,2,0.0,0.0,0,0.0,0.0,0.0,0,1,0.182,0.182,0.182,0.364,2.0,0.0,0,0.0,0.0,0,/6,,LAD,,,,,,,,,,,,,,,,,,,,,,,
12,13.0,Kevin Kiermaier*,34.0,4,2.0,2.0,2,0,0.0,0.0,0,0.0,0.0,0.0,0,1,0.0,0.0,0.0,0.0,0.0,0.0,0,0.0,0.0,0,/8H,,LAD,,,,,,,,,,,,,,,,,,,,,,,
13,14.0,Evan Phillips,29.0,5,0.0,0.0,0,0,0.0,0.0,0,0.0,0.0,0.0,0,0,,,,,0.0,0.0,0,0.0,0.0,0,/1,,LAD,,,,,,,,,,,,,,,,,,,,,,,
14,15.0,Daniel Hudson,37.0,7,0.0,0.0,0,0,0.0,0.0,0,0.0,0.0,0.0,0,0,,,,,0.0,0.0,0,0.0,0.0,0,/1,,LAD,,,,,,,,,,,,,,,,,,,,,,,
15,16.0,Blake Treinen,36.0,9,0.0,0.0,0,0,0.0,0.0,0,0.0,0.0,0.0,0,0,,,,,0.0,0.0,0,0.0,0.0,0,/1,,LAD,,,,,,,,,,,,,,,,,,,,,,,
16,17.0,Alex Vesia*,28.0,7,0.0,0.0,0,0,0.0,0.0,0,0.0,0.0,0.0,0,0,,,,,0.0,0.0,0,0.0,0.0,0,/*1,,LAD,,,,,,,,,,,,,,,,,,,,,,,
17,18.0,Yoshinobu Yamamoto,25.0,4,0.0,0.0,0,0,0.0,0.0,0,0.0,0.0,0.0,0,0,,,,,0.0,0.0,0,0.0,0.0,0,/1,,LAD,,,,,,,,,,,,,,,,,,,,,,,
18,19.0,Michael Kopech,28.0,10,0.0,0.0,0,0,0.0,0.0,0,0.0,0.0,0.0,0,0,,,,,0.0,0.0,0,0.0,0.0,0,1,,LAD,,,,,,,,,,,,,,,,,,,,,,,
19,20.0,Landon Knack*,26.0,3,0.0,0.0,0,0,0.0,0.0,0,0.0,0.0,0.0,0,0,,,,,0.0,0.0,0,0.0,0.0,0,/1,,LAD,,,,,,,,,,,,,,,,,,,,,,,
20,21.0,Anthony Banda*,30.0,10,0.0,0.0,0,0,0.0,0.0,0,0.0,0.0,0.0,0,0,,,,,0.0,0.0,0,0.0,0.0,0,1,,LAD,,,,,,,,,,,,,,,,,,,,,,,
21,22.0,Brent Honeywell Jr.,29.0,3,0.0,0.0,0,0,0.0,0.0,0,0.0,0.0,0.0,0,0,,,,,0.0,0.0,0,0.0,0.0,0,/1,,LAD,,,,,,,,,,,,,,,,,,,,,,,
22,23.0,Edgardo Henriquez,22.0,3,0.0,0.0,0,0,0.0,0.0,0,0.0,0.0,0.0,0,0,,,,,0.0,0.0,0,0.0,0.0,0,/1,,LAD,,,,,,,,,,,,,,,,,,,,,,,
23,24.0,Michael Grove,27.0,1,0.0,0.0,0,0,0.0,0.0,0,0.0,0.0,0.0,0,0,,,,,0.0,0.0,0,0.0,0.0,0,/1,,LAD,,,,,,,,,,,,,,,,,,,,,,,
24,25.0,Brusdar Graterol,25.0,3,0.0,0.0,0,0,0.0,0.0,0,0.0,0.0,0.0,0,0,,,,,0.0,0.0,0,0.0,0.0,0,/1,,LAD,,,,,,,,,,,,,,,,,,,,,,,
25,26.0,Jack Flaherty,28.0,5,0.0,0.0,0,0,0.0,0.0,0,0.0,0.0,0.0,0,0,,,,,0.0,0.0,0,0.0,0.0,0,/1,,LAD,,,,,,,,,,,,,,,,,,,,,,,
26,27.0,Ben Casparius,25.0,4,0.0,0.0,0,0,0.0,0.0,0,0.0,0.0,0.0,0,0,,,,,0.0,0.0,0,0.0,0.0,0,/1,,LAD,,,,,,,,,,,,,,,,,,,,,,,
27,28.0,Walker Buehler,29.0,4,0.0,0.0,0,0,0.0,0.0,0,0.0,0.0,0.0,0,0,,,,,0.0,0.0,0,0.0,0.0,0,/1,,LAD,,,,,,,,,,,,,,,,,,,,,,,
28,29.0,Ryan Brasier,36.0,8,0.0,0.0,0,0,0.0,0.0,0,0.0,0.0,0.0,0,0,,,,,0.0,0.0,0,0.0,0.0,0,/1,,LAD,,,,,,,,,,,,,,,,,,,,,,,
29,30.0,Austin Barnes,34.0,1,0.0,0.0,0,0,0.0,0.0,0,0.0,0.0,0.0,0,0,,,,,0.0,,0,0.0,,0,/2,,LAD,,,,,,,,,,,,,,,,,,,,,,,
30,,Team Totals,,16,625.0,531.0,95,126,15.0,2.0,27,91.0,14.0,3.0,74,123,0.237,0.334,0.426,0.76,226.0,5.0,7,5.0,7.0,3,,,LAD,,,,,,,,,,,,,,,,,,,,,,,
0,1.0,Luis ArrÃ¡ez*,27.0,7,31.0,31.0,4,7,0.0,0.0,0,0.0,0.0,0.0,0,1,0.226,0.226,0.226,0.452,7.0,2.0,0,0.0,0.0,0,/3D,,SDP,,,,,,,,,,,,,,,,,,,,,,,
1,2.0,Fernando Tatis Jr.,25.0,7,30.0,26.0,8,11,3.0,0.0,4,7.0,0.0,0.0,3,2,0.423,0.5,1.0,1.5,26.0,1.0,1,0.0,0.0,0,*/9,,SDP,,,,,,,,,,,,,,,,,,,,,,,
2,3.0,Manny Machado,31.0,7,28.0,28.0,4,5,1.0,0.0,1,4.0,0.0,0.0,0,9,0.179,0.179,0.321,0.5,9.0,2.0,0,0.0,0.0,0,/*5,,SDP,,,,,,,,,,,,,,,,,,,,,,,
3,4.0,Jurickson Profar#,31.0,7,28.0,25.0,1,5,0.0,0.0,0,1.0,0.0,0.0,3,4,0.2,0.286,0.2,0.486,5.0,0.0,0,0.0,0.0,0,*/7,,SDP,,,,,,,,,,,,,,,,,,,,,,,
4,5.0,Jackson Merrill*,21.0,7,27.0,24.0,4,6,1.0,1.0,1,5.0,0.0,0.0,3,6,0.25,0.333,0.5,0.833,12.0,0.0,0,0.0,0.0,1,*/8,,SDP,,,,,,,,,,,,,,,,,,,,,,,
5,6.0,Xander Bogaerts,31.0,7,26.0,24.0,2,4,1.0,0.0,1,4.0,0.0,0.0,2,3,0.167,0.231,0.333,0.564,8.0,0.0,0,0.0,0.0,0,/*6,,SDP,,,,,,,,,,,,,,,,,,,,,,,
6,7.0,Jake Cronenworth*,30.0,7,25.0,22.0,2,3,0.0,1.0,0,0.0,0.0,0.0,2,9,0.136,0.24,0.227,0.467,5.0,0.0,1,0.0,0.0,0,/*4,,SDP,,,,,,,,,,,,,,,,,,,,,,,
7,8.0,Kyle Higashioka,34.0,7,22.0,19.0,3,5,1.0,0.0,3,5.0,0.0,0.0,1,3,0.263,0.273,0.789,1.062,15.0,0.0,0,0.0,2.0,0,/*2,,SDP,,,,,,,,,,,,,,,,,,,,,,,
8,9.0,Donovan Solano,36.0,5,14.0,14.0,0,1,0.0,0.0,0,0.0,0.0,0.0,0,4,0.071,0.071,0.071,0.143,1.0,0.0,0,0.0,0.0,0,/3HD,,SDP,,,,,,,,,,,,,,,,,,,,,,,
9,10.0,David Peralta*,36.0,5,13.0,13.0,2,4,1.0,0.0,1,4.0,0.0,0.0,0,1,0.308,0.308,0.615,0.923,8.0,0.0,0,0.0,0.0,0,/*DH,,SDP,,,,,,,,,,,,,,,,,,,,,,,
10,11.0,Elias DÃ­az,33.0,1,1.0,1.0,0,0,0.0,0.0,0,0.0,0.0,0.0,0,1,0.0,0.0,0.0,0.0,0.0,0.0,0,0.0,0.0,0,/2,,SDP,,,,,,,,,,,,,,,,,,,,,,,
11,12.0,Tyler Wade*,29.0,1,0.0,0.0,0,0,0.0,0.0,0,0.0,0.0,0.0,0,0,,,,,0.0,,0,0.0,,0,/6,,SDP,,,,,,,,,,,,,,,,,,,,,,,
12,13.0,Robert Suarez,33.0,3,0.0,0.0,0,0,0.0,0.0,0,0.0,0.0,0.0,0,0,,,,,0.0,0.0,0,0.0,0.0,0,/1,,SDP,,,,,,,,,,,,,,,,,,,,,,,
13,14.0,Tanner Scott,29.0,5,0.0,0.0,0,0,0.0,0.0,0,0.0,0.0,0.0,0,0,,,,,0.0,0.0,0,0.0,0.0,0,/*1,,SDP,,,,,,,,,,,,,,,,,,,,,,,
14,15.0,Dylan Cease,28.0,2,0.0,0.0,0,0,0.0,0.0,0,0.0,0.0,0.0,0,0,,,,,0.0,0.0,0,0.0,0.0,0,/1,,SDP,,,,,,,,,,,,,,,,,,,,,,,
15,16.0,Wandy Peralta*,32.0,1,0.0,0.0,0,0,0.0,0.0,0,0.0,0.0,0.0,0,0,,,,,0.0,0.0,0,0.0,0.0,0,/1,,SDP,,,,,,,,,,,,,,,,,,,,,,,
16,17.0,Joe Musgrove,31.0,1,0.0,0.0,0,0,0.0,0.0,0,0.0,0.0,0.0,0,0,,,,,0.0,0.0,0,0.0,0.0,0,/1,,SDP,,,,,,,,,,,,,,,,,,,,,,,
17,18.0,AdriÃ¡n MorejÃ³n*,25.0,2,0.0,0.0,0,0,0.0,0.0,0,0.0,0.0,0.0,0,0,,,,,0.0,0.0,0,0.0,0.0,0,/1,,SDP,,,,,,,,,,,,,,,,,,,,,,,
18,19.0,Yuki Matsui*,28.0,1,0.0,0.0,0,0,0.0,0.0,0,0.0,0.0,0.0,0,0,,,,,0.0,0.0,0,0.0,0.0,0,/1,,SDP,,,,,,,,,,,,,,,,,,,,,,,
19,20.0,Jason Adam,32.0,5,0.0,0.0,0,0,0.0,0.0,0,0.0,0.0,0.0,0,0,,,,,0.0,0.0,0,0.0,0.0,0,/*1,,SDP,,,,,,,,,,,,,,,,,,,,,,,
20,21.0,Brandon Lockridge,27.0,2,0.0,0.0,0,0,0.0,0.0,0,0.0,0.0,0.0,0,0,,,,,0.0,,0,0.0,,0,/H7,,SDP,,,,,,,,,,,,,,,,,,,,,,,
21,22.0,Michael King,29.0,2,0.0,0.0,0,0,0.0,0.0,0,0.0,0.0,0.0,0,0,,,,,0.0,0.0,0,0.0,0.0,0,/1,,SDP,,,,,,,,,,,,,,,,,,,,,,,
22,23.0,Alek Jacob*,26.0,2,0.0,0.0,0,0,0.0,0.0,0,0.0,0.0,0.0,0,0,,,,,0.0,0.0,0,0.0,0.0,0,/1,,SDP,,,,,,,,,,,,,,,,,,,,,,,
23,24.0,Bryan Hoeing,27.0,3,0.0,0.0,0,0,0.0,0.0,0,0.0,0.0,0.0,0,0,,,,,0.0,0.0,0,0.0,0.0,0,/1,,SDP,,,,,,,,,,,,,,,,,,,,,,,
24,25.0,Jeremiah Estrada#,25.0,4,0.0,0.0,0,0,0.0,0.0,0,0.0,0.0,0.0,0,0,,,,,0.0,0.0,0,0.0,0.0,0,/1,,SDP,,,,,,,,,,,,,,,,,,,,,,,
25,26.0,Yu Darvish,37.0,2,0.0,0.0,0,0,0.0,0.0,0,0.0,0.0,0.0,0,0,,,,,0.0,0.0,0,0.0,0.0,0,/1,,SDP,,,,,,,,,,,,,,,,,,,,,,,
26,,Team Totals,,7,245.0,227.0,30,51,8.0,2.0,11,30.0,0.0,0.0,14,43,0.225,0.273,0.423,0.696,96.0,5.0,2,0.0,2.0,1,,,SDP,,,,,,,,,,,,,,,,,,,,,,,
0,1,Brandon Pfaadt,25,32,,,103,183,,,24,,,,42,185,,,,,,,4,,,1,SP,,ARI,0.5,11,10,.524,4.71,32,0,0,0,0,181.2,95,0,1,760,89,3.61,1.239,9.1,1.2,2.1,9.2,4.40
1,2,Ryne Nelson,26,28,,,73,155,,,17,,,,34,126,,,,,,,5,,,2,SP,,ARI,1.7,10,6,.625,4.24,25,1,0,0,1,150.2,71,0,4,630,99,3.74,1.254,9.3,1.0,2.0,7.5,3.71
2,3,Zac Gallen,28,28,,,62,133,,,13,,,,54,156,,,,,,,4,,,0,SP,,ARI,2.7,14,6,.700,3.65,28,0,0,0,0,148.0,60,0,5,621,115,3.38,1.264,8.1,0.8,3.3,9.5,2.89
3,4,Jordan Montgomery*,31,25,,,83,149,,,14,,,,44,83,,,,,,,2,,,3,SP,,ARI,-1.4,8,7,.533,6.23,21,3,0,0,1,117.0,81,0,7,532,67,4.48,1.650,11.5,1.1,3.4,6.4,1.89
4,5,Slade Cecconi,25,20,,,57,92,,,16,,,,17,64,,,,,,,4,,,1,SP,,ARI,-1.1,2,7,.222,6.66,13,2,0,0,0,77.0,57,1,2,338,63,5.02,1.416,10.8,1.9,2.0,7.5,3.76
5,6,Merrill Kelly,35,13,,,35,67,,,11,,,,19,63,,,,,,,2,,,0,SP,,ARI,1.0,5,1,.833,4.03,13,0,0,0,0,73.2,33,2,1,300,104,4.25,1.167,8.2,1.3,2.3,7.7,3.32
6,Rk,Player,Age,G,,,R,H,,,HR,,,,BB,SO,,,,,,,HBP,,,IBB,Pos,Awards,ARI,WAR,W,L,W-L%,ERA,GS,GF,CG,SHO,SV,IP,ER,BK,WP,BF,ERA+,FIP,WHIP,H9,HR9,BB9,SO9,SO/BB
7,7,Paul Sewald,34,42,,,19,35,,,6,,,,10,43,,,,,,,3,,,1,CL,,ARI,0.2,1,2,.333,4.31,0,34,0,0,16,39.2,19,0,0,165,98,3.95,1.134,7.9,1.4,2.3,9.8,4.30
8,8,Justin MartÃ­nez,22,64,,,26,59,,,2,,,,36,91,,,,,,,2,,,6,RP,,ARI,2.0,5,6,.455,2.48,0,28,0,0,8,72.2,20,1,8,308,170,2.59,1.307,7.3,0.2,4.5,11.3,2.53
9,9,Kevin Ginkel,30,72,,,31,69,,,6,,,,15,77,,,,,,,3,,,0,RP,,ARI,0.8,8,3,.727,3.21,0,16,0,0,5,70.0,25,0,4,291,131,2.85,1.200,8.9,0.8,1.9,9.9,5.13
10,10,Ryan Thompson,32,67,,,26,64,,,5,,,,15,52,,,,,,,1,,,2,RP,,ARI,1.0,7,5,.583,3.26,0,4,0,0,2,66.1,24,0,2,272,129,3.30,1.191,8.7,0.7,2.0,7.1,3.47
11,11,Joe Mantiply*,33,75,,,27,52,,,1,,,,18,53,,,,,,,0,,,7,RP,,ARI,0.6,6,2,.750,3.92,2,8,0,0,1,59.2,26,1,3,243,107,2.51,1.173,7.8,0.2,2.7,8.0,2.94
12,Rk,Player,Age,G,,,R,H,,,HR,,,,BB,SO,,,,,,,HBP,,,IBB,Pos,Awards,ARI,WAR,W,L,W-L%,ERA,GS,GF,CG,SHO,SV,IP,ER,BK,WP,BF,ERA+,FIP,WHIP,H9,HR9,BB9,SO9,SO/BB
13,12,Bryce Jarvis,26,44,,,25,52,,,6,,,,33,38,,,,,,,5,,,4,,,ARI,0.8,1,2,.333,3.19,0,17,0,0,0,59.1,21,0,4,258,132,5.12,1.433,7.9,0.9,5.0,5.8,1.15
14,13,Eduardo RodrÃ­guez*,31,10,,,29,56,,,8,,,,19,47,,,,,,,1,,,1,,,ARI,0.2,3,4,.429,5.04,10,0,0,0,0,50.0,28,0,0,224,84,4.57,1.500,10.1,1.4,3.4,8.5,2.47
15,14,Tommy Henry*,26,9,,,31,49,,,9,,,,18,30,,,,,,,4,,,0,,,ARI,-0.8,2,3,.400,7.04,7,1,0,0,0,38.1,30,0,0,182,60,6.37,1.748,11.5,2.1,4.2,7.0,1.67
16,15,Scott McGough,34,26,,,30,34,,,6,,,,21,25,,,,,,,1,,,0,,,ARI,-1.1,1,3,.250,7.44,2,7,0,0,0,32.2,27,1,1,150,57,6.04,1.684,9.4,1.7,5.8,6.9,1.19
17,16,Yilber DÃ­az,23,7,,,13,27,,,3,,,,12,19,,,,,,,0,,,0,,,ARI,0.3,1,1,.500,3.81,4,1,0,0,0,28.1,12,0,1,119,111,4.47,1.376,8.6,1.0,3.8,6.0,1.58
18,17,Logan Allen*,27,12,,,17,32,,,3,,,,10,21,,,,,,,2,,,0,,,ARI,-0.1,0,1,.000,5.46,0,4,0,0,1,28.0,17,0,0,128,77,4.34,1.500,10.3,1.0,3.2,6.8,2.10
19,18,A.J. Puk*,29,30,,,4,15,,,2,,,,5,43,,,,,,,1,,,2,,,ARI,1.3,0,1,.000,1.32,0,5,0,0,2,27.1,4,0,0,103,322,1.63,0.732,4.9,0.7,1.6,14.2,8.60
20,19,Blake Walston*,23,7,,,12,16,,,4,,,,10,18,,,,,,,3,,,0,,,ARI,-0.1,1,0,1.000,4.42,2,3,0,0,0,18.1,9,0,0,83,96,6.17,1.418,7.9,2.0,4.9,8.8,1.80
21,20,Brandon Hughes*,28,15,,,16,24,,,8,,,,10,21,,,,,,,2,,,0,,,ARI,-0.4,0,0,,8.15,2,4,0,0,0,17.2,16,0,1,89,52,8.71,1.925,12.2,4.1,5.1,10.7,2.10
22,21,Dylan Floro,33,15,,,17,23,,,4,,,,4,8,,,,,,,1,,,0,,,ARI,-0.8,3,1,.750,9.37,0,2,0,0,0,16.1,17,0,0,75,46,6.29,1.653,12.7,2.2,2.2,4.4,2.00
23,22,Thyago Vieira,31,11,,,6,11,,,2,,,,9,14,,,,,,,0,,,0,,,ARI,0.2,0,1,.000,2.87,0,4,0,0,0,15.2,5,1,2,66,149,4.76,1.277,6.3,1.1,5.2,8.0,1.56
24,23,Miguel Castro,29,11,,,9,20,,,3,,,,3,8,,,,,,,1,,,0,,,ARI,-0.1,0,0,,5.93,0,2,0,0,0,13.2,9,0,0,64,72,5.73,1.683,13.2,2.0,2.0,5.3,2.67
25,24,Kyle Nelson*,27,11,,,5,8,,,2,,,,4,8,,,,,,,0,,,1,,,ARI,0.1,0,0,,4.22,0,4,0,0,0,10.2,5,0,0,42,102,5.23,1.125,6.8,1.7,3.4,6.8,2.00
26,25,Humberto Castellanos,26,7,,,6,11,,,0,,,,4,7,,,,,,,2,,,0,,,ARI,-0.1,0,0,,5.23,0,4,0,0,1,10.1,6,0,1,48,83,3.55,1.452,9.6,0.0,3.5,6.1,1.75
27,26,Matt Bowman,33,4,,,6,8,,,1,,,,2,4,,,,,,,0,,,0,,,ARI,-0.1,0,0,,8.10,0,1,0,0,0,6.2,6,0,0,31,54,4.82,1.500,10.8,1.4,2.7,5.4,2.00
28,27,Luis FrÃ­as,26,7,,,8,11,,,1,,,,4,7,,,,,,,0,,,0,,,ARI,-0.4,0,1,.000,9.95,0,4,0,0,0,6.1,7,0,1,31,44,4.90,2.368,15.6,1.4,5.7,9.9,1.75
29,28,Cristian Mena,21,1,,,4,4,,,2,,,,3,2,,,,,,,0,,,0,,,ARI,-0.2,0,0,,12.00,1,0,0,0,0,3.0,4,1,0,15,39,13.50,2.333,12.0,6.0,9.0,6.0,0.67
30,29,Joe Jacques*,29,1,,,2,3,,,1,,,,1,0,,,,,,,0,,,0,,,ARI,-0.1,0,0,,13.50,0,0,0,0,0,1.1,2,0,0,7,39,15.17,3.000,20.3,6.8,6.8,0.0,0.00
31,30,Andrew Saalfrank*,26,2,,,4,2,,,0,,,,4,0,,,,,,,0,,,1,,,ARI,-0.3,0,0,,36.00,0,1,0,0,0,1.0,4,0,1,8,16,15.17,6.000,18.0,0.0,36.0,0.0,0.00
32,31,Pavin Smith*,28,1,,,0,0,,,0,,,,1,0,,,,,,,1,,,0,,,ARI,0.0,0,0,,0.00,0,1,0,0,0,1.0,0,0,0,5,,9.17,1.000,0.0,0.0,9.0,0.0,0.00
33,32,Tucker Barnhart,33,1,,,2,4,,,1,,,,0,0,,,,,,,0,,,0,,,ARI,-0.1,0,0,,18.00,0,1,0,0,0,1.0,2,0,0,7,32,16.17,4.000,36.0,9.0,0.0,0.0,
34,,Team Totals,,162,,,788,1468,,,181,,,,481,1313,,,,,,,54,,,32,,,ARI,6.3,89,73,.549,4.63,162,162,0,0,38,1443.1,742,8,49,6195,91,4.09,1.350,9.2,1.1,3.0,8.2,2.73
0,1,Logan Webb,27,33,,,83,202,,,11,,,,50,172,,,,,,,2,,,3,SP,"AS,CYA-6",SFG,3.7,13,10,.565,3.47,33,0,1,1,0,204.2,79,1,4,841,111,2.95,1.231,8.9,0.5,2.2,7.6,3.44
1,2,Kyle Harrison*,22,24,,,65,125,,,18,,,,42,118,,,,,,,7,,,0,SP,,SFG,0.6,7,7,.500,4.56,24,0,0,0,0,124.1,63,1,2,532,85,4.33,1.343,9.0,1.3,3.0,8.5,2.81
2,3,Jordan Hicks,27,29,,,54,112,,,12,,,,47,96,,,,,,,9,,,0,SP,,SFG,0.9,4,7,.364,4.10,20,2,0,0,1,109.2,50,2,7,481,94,4.37,1.450,9.2,1.0,3.9,7.9,2.04
3,4,Blake Snell*,31,20,,,38,65,,,6,,,,44,145,,,,,,,1,,,0,SP,,SFG,2.1,5,3,.625,3.12,20,0,1,1,0,104.0,36,0,8,418,124,2.43,1.048,5.6,0.5,3.8,12.5,3.30
4,5,Hayden Birdsong,22,16,,,39,57,,,11,,,,43,88,,,,,,,4,,,0,SP,,SFG,0.2,5,6,.455,4.75,16,0,0,0,0,72.0,38,0,4,315,81,4.67,1.389,7.1,1.4,5.4,11.0,2.05
5,6,Keaton Winn,26,12,,,44,56,,,9,,,,20,48,,,,,,,4,,,0,SP,,SFG,-1.1,3,8,.273,7.16,12,0,0,0,0,55.1,44,0,1,238,54,4.85,1.373,9.1,1.5,3.3,7.8,2.40
6,Rk,Player,Age,G,,,R,H,,,HR,,,,BB,SO,,,,,,,HBP,,,IBB,Pos,Awards,SFG,WAR,W,L,W-L%,ERA,GS,GF,CG,SHO,SV,IP,ER,BK,WP,BF,ERA+,FIP,WHIP,H9,HR9,BB9,SO9,SO/BB
7,7,Camilo Doval,26,62,,,35,54,,,5,,,,39,78,,,,,,,2,,,2,CL,,SFG,-0.5,5,3,.625,4.88,0,40,0,0,23,59.0,32,0,7,271,79,3.71,1.576,8.2,0.8,5.9,11.9,2.00
8,8,Ryan Walker,28,76,,,19,50,,,5,,,,18,99,,,,,,,9,,,1,RP,,SFG,2.8,10,4,.714,1.91,1,22,0,0,10,80.0,17,0,2,308,202,2.52,0.850,5.6,0.6,2.0,11.1,5.50
9,9,Tyler Rogers,33,77,,,23,67,,,7,,,,6,51,,,,,,,7,,,2,RP,,SFG,1.5,3,4,.429,2.82,0,13,0,0,1,70.1,22,0,1,290,137,3.56,1.038,8.6,0.9,0.8,6.5,8.50
10,10,Erik Miller*,26,73,,,33,50,,,7,,,,38,87,,,,,,,1,,,0,RP,,SFG,0.4,4,5,.444,3.88,10,11,0,0,0,67.1,29,0,1,284,100,3.67,1.307,6.7,0.9,5.1,11.6,2.29
11,11,Taylor Rogers*,33,64,,,22,53,,,7,,,,22,64,,,,,,,2,,,0,RP,,SFG,1.1,1,4,.200,2.40,0,16,0,0,0,60.0,16,0,0,249,161,3.75,1.250,8.0,1.1,3.3,9.6,2.91
12,Rk,Player,Age,G,,,R,H,,,HR,,,,BB,SO,,,,,,,HBP,,,IBB,Pos,Awards,SFG,WAR,W,L,W-L%,ERA,GS,GF,CG,SHO,SV,IP,ER,BK,WP,BF,ERA+,FIP,WHIP,H9,HR9,BB9,SO9,SO/BB
13,12,Sean Hjelle,27,58,,,37,84,,,10,,,,14,75,,,,,,,5,,,2,,,SFG,0.6,3,4,.429,3.90,0,12,0,0,0,80.2,35,0,0,337,99,3.62,1.215,9.4,1.1,1.6,8.4,5.36
14,13,Randy RodrÃ­guez,24,35,,,29,47,,,4,,,,18,53,,,,,,,3,,,0,,,SFG,-0.2,3,2,.600,4.30,1,8,0,0,0,52.1,25,0,4,221,90,3.34,1.242,8.1,0.7,3.1,9.1,2.94
15,14,Landen Roupp,25,23,,,21,43,,,2,,,,26,47,,,,,,,1,,,0,,,SFG,0.6,1,2,.333,3.58,4,3,0,0,0,50.1,20,2,3,217,108,3.42,1.371,7.7,0.4,4.6,8.4,1.81
16,15,Spencer Bivens,30,27,,,20,47,,,9,,,,11,37,,,,,,,1,,,1,,,SFG,0.6,3,1,.750,3.14,2,8,0,0,1,48.2,17,0,0,202,123,4.79,1.192,8.7,1.7,2.0,6.8,3.36
17,16,Mason Black,24,9,,,26,46,,,7,,,,15,31,,,,,,,3,,,0,,,SFG,-0.6,1,5,.167,6.44,8,0,0,0,0,36.1,26,0,0,169,60,5.45,1.679,11.4,1.7,3.7,7.7,2.07
18,17,Luke Jackson,32,36,,,22,35,,,5,,,,15,33,,,,,,,1,,,0,,,SFG,-0.3,4,2,.667,5.40,0,7,0,0,0,35.0,21,0,3,151,72,4.51,1.429,9.0,1.3,3.9,8.5,2.20
19,18,Robbie Ray*,32,7,,,16,20,,,6,,,,15,43,,,,,,,6,,,0,,,SFG,0.0,3,2,.600,4.70,7,0,0,0,0,30.2,16,0,4,129,83,4.96,1.141,5.9,1.8,4.4,12.6,2.87
20,19,Spencer Howard,27,7,,,16,33,,,2,,,,11,21,,,,,,,0,,,0,,,SFG,-0.2,1,1,.500,5.63,2,1,0,0,0,24.0,15,0,0,114,70,3.87,1.833,12.4,0.8,4.1,7.9,1.91
21,20,Tristan Beck,28,7,,,3,14,,,2,,,,4,14,,,,,,,1,,,0,,,SFG,0.5,0,0,,1.69,1,2,0,0,0,16.0,3,0,0,67,234,3.98,1.125,7.9,1.1,2.3,7.9,3.50
22,21,Nick Avila,26,8,,,12,17,,,2,,,,3,14,,,,,,,0,,,0,,,SFG,-0.3,1,0,1.000,8.49,0,4,0,0,0,11.2,11,0,0,55,47,3.77,1.714,13.1,1.5,2.3,10.8,4.67
23,22,Kai-Wei Teng,25,4,,,12,15,,,2,,,,8,7,,,,,,,1,,,0,,,SFG,-0.3,0,0,,9.82,0,0,0,0,0,11.0,12,0,1,55,41,6.71,2.091,12.3,1.6,6.5,5.7,0.88
24,23,Austin Warren,28,6,,,2,9,,,1,,,,5,7,,,,,,,0,,,0,,,SFG,0.3,0,0,,1.69,0,3,0,0,0,10.2,2,0,0,42,237,4.48,1.313,7.6,0.8,4.2,5.9,1.40
25,24,Mitch White,29,3,,,7,8,,,1,,,,5,1,,,,,,,0,,,0,,,SFG,-0.2,0,0,,11.81,0,2,0,0,0,5.1,7,0,1,29,35,8.04,2.438,13.5,1.7,8.4,1.7,0.20
26,25,Daulton Jefferies,28,2,,,13,14,,,2,,,,2,4,,,,,,,0,,,0,,,SFG,-0.6,0,2,.000,17.36,1,0,0,0,0,4.2,9,0,0,31,24,8.31,3.429,27.0,3.9,3.9,7.7,2.00
27,26,Trevor McDonald,23,1,,,0,0,,,0,,,,1,1,,,,,,,0,,,0,,,SFG,0.1,0,0,,0.00,0,1,0,0,0,3.0,0,0,0,10,,3.50,0.333,0.0,0.0,3.0,3.0,1.00
28,27,Tyler Fitzgerald,26,3,,,3,6,,,0,,,,0,0,,,,,,,0,,,0,,,SFG,-0.1,0,0,,9.00,0,3,0,0,0,3.0,3,0,0,14,48,3.17,2.000,18.0,0.0,0.0,0.0,
29,28,Mike Yastrzemski*,33,1,,,2,2,,,0,,,,3,0,,,,,,,0,,,0,,,SFG,-0.1,0,0,,18.00,0,1,0,0,0,1.0,2,0,0,8,30,12.17,5.000,18.0,0.0,27.0,0.0,0.00
30,29,Donovan Walton,30,1,,,0,2,,,0,,,,0,0,,,,,,,0,,,0,,,SFG,0.0,0,0,,0.00,0,1,0,0,0,1.0,0,0,0,5,,3.17,2.000,18.0,0.0,0.0,0.0,
31,30,Raymond Burgos*,25,1,,,1,3,,,0,,,,1,1,,,,,,,0,,,0,,,SFG,-0.1,0,0,,9.00,0,0,0,0,0,1.0,1,0,0,7,60,4.17,4.000,27.0,0.0,9.0,9.0,1.00
32,31,Mike Baumann,28,1,,,2,3,,,0,,,,0,1,,,,,,,0,,,0,,,SFG,-0.1,0,0,,27.00,0,0,0,0,0,0.2,2,0,0,5,23,0.17,4.500,40.5,0.0,0.0,13.5,
33,,Team Totals,,162,,,699,1339,,,153,,,,526,1436,,,,,,,70,,,11,,,SFG,11.2,80,82,.494,4.10,162,160,2,2,36,1433.2,653,6,53,6095,95,3.80,1.301,8.4,1.0,3.3,9.0,2.73
0,1,Austin Gomber*,30,30,,,89,178,,,30,,,,38,116,,,,,,,1,,,0,SP,,COL,2.1,5,12,.294,4.75,30,0,0,0,0,165.0,87,0,3,696,97,4.83,1.309,9.7,1.6,2.1,6.3,3.05
1,2,Ryan Feltner,27,30,,,94,165,,,20,,,,52,138,,,,,,,7,,,0,SP,,COL,1.1,3,10,.231,4.49,30,0,0,0,0,162.1,81,0,4,692,102,4.16,1.337,9.1,1.1,2.9,7.7,2.65
2,3,Cal Quantrill,29,29,,,83,156,,,23,,,,69,110,,,,,,,11,,,0,SP,,COL,1.6,8,11,.421,4.98,29,0,0,0,0,148.1,82,1,6,656,93,5.32,1.517,9.5,1.4,4.2,6.7,1.59
3,4,Kyle Freeland*,31,21,,,73,134,,,22,,,,26,85,,,,,,,1,,,0,SP,,COL,0.0,5,8,.385,5.24,21,0,0,0,0,113.1,66,0,1,490,88,4.90,1.412,10.6,1.7,2.1,6.8,3.27
4,5,Dakota Hudson,29,18,,,66,99,,,11,,,,50,49,,,,,,,5,,,0,SP,,COL,-0.9,2,12,.143,6.17,18,0,0,0,0,89.0,61,0,3,404,75,5.53,1.674,10.0,1.1,5.1,5.0,0.98
5,6,Ty Blach*,33,20,,,55,103,,,17,,,,18,36,,,,,,,6,,,0,SP,,COL,-0.8,3,8,.273,6.94,12,4,0,0,0,71.1,55,0,1,330,67,6.26,1.696,13.0,2.1,2.3,4.5,2.00
6,Rk,Player,Age,G,,,R,H,,,HR,,,,BB,SO,,,,,,,HBP,,,IBB,Pos,Awards,COL,WAR,W,L,W-L%,ERA,GS,GF,CG,SHO,SV,IP,ER,BK,WP,BF,ERA+,FIP,WHIP,H9,HR9,BB9,SO9,SO/BB
7,7,Tyler Kinley,33,67,,,44,61,,,11,,,,33,72,,,,,,,2,,,2,CL,,COL,-0.3,6,1,.857,6.19,0,25,0,0,12,64.0,44,0,6,285,75,4.79,1.469,8.6,1.5,4.6,10.1,2.18
8,8,Victor Vodnik,24,64,,,37,72,,,7,,,,37,65,,,,,,,1,,,1,RP,,COL,0.8,5,4,.556,4.28,0,19,0,0,9,73.2,35,0,4,320,108,4.18,1.480,8.8,0.9,4.5,7.9,1.76
9,9,Justin Lawrence,29,56,,,52,73,,,9,,,,33,45,,,,,,,7,,,1,RP,,COL,-1.7,4,4,.500,6.49,0,21,0,0,2,59.2,43,0,3,279,71,5.63,1.777,11.0,1.4,5.0,6.8,1.36
10,10,Jalen Beeks*,30,45,,,29,49,,,6,,,,18,38,,,,,,,1,,,1,RP,,COL,0.2,6,4,.600,4.74,0,21,0,0,9,49.1,26,0,5,211,97,4.36,1.358,8.9,1.1,3.3,6.9,2.11
11,11,Nick Mears,27,41,,,30,47,,,2,,,,21,57,,,,,,,0,,,1,RP,,COL,-0.1,1,4,.200,5.56,0,11,0,0,0,45.1,28,0,3,203,83,2.61,1.500,9.3,0.4,4.2,11.3,2.71
12,Rk,Player,Age,G,,,R,H,,,HR,,,,BB,SO,,,,,,,HBP,,,IBB,Pos,Awards,COL,WAR,W,L,W-L%,ERA,GS,GF,CG,SHO,SV,IP,ER,BK,WP,BF,ERA+,FIP,WHIP,H9,HR9,BB9,SO9,SO/BB
13,12,Peter Lambert,27,28,,,42,73,,,7,,,,29,50,,,,,,,2,,,2,,,COL,-0.5,2,5,.286,5.72,3,7,0,0,0,61.1,39,0,5,280,81,4.54,1.663,10.7,1.0,4.3,7.3,1.72
14,13,Anthony Molina,22,35,,,46,72,,,5,,,,22,41,,,,,,,2,,,1,,,COL,-0.6,1,1,.500,6.79,1,17,0,0,0,59.2,45,0,5,264,68,4.09,1.575,10.9,0.8,3.3,6.2,1.86
15,14,Jake Bird,28,35,,,21,43,,,5,,,,25,31,,,,,,,4,,,1,,,COL,0.3,2,2,.500,4.50,0,5,0,0,1,40.0,20,0,1,185,103,5.42,1.700,9.7,1.1,5.6,7.0,1.24
16,15,Tanner Gordon,26,8,,,34,53,,,10,,,,6,26,,,,,,,2,,,0,,,COL,-1.1,0,6,.000,8.65,8,0,0,0,0,34.1,33,0,0,160,54,6.14,1.718,13.9,2.6,1.6,6.8,4.33
17,16,Angel Chivilli,21,30,,,17,31,,,7,,,,10,28,,,,,,,1,,,0,,,COL,0.2,2,3,.400,4.55,0,10,0,0,1,31.2,16,0,0,133,102,5.31,1.295,8.8,2.0,2.8,8.0,2.80
18,17,Bradley Blalock,23,6,,,22,35,,,4,,,,19,20,,,,,,,1,,,0,,,COL,-0.3,1,3,.250,6.07,6,0,0,0,0,29.2,20,0,0,143,77,5.59,1.820,10.6,1.2,5.8,6.1,1.05
19,18,Noah Davis,27,9,,,15,31,,,3,,,,7,15,,,,,,,0,,,0,,,COL,-0.2,0,0,,5.75,0,2,0,0,0,20.1,13,0,0,96,81,4.64,1.869,13.7,1.3,3.1,6.6,2.14
20,19,Jeff Criswell,25,13,,,6,20,,,4,,,,9,27,,,,,,,1,,,0,,,COL,0.6,1,0,1.000,2.75,0,1,0,0,0,19.2,6,0,0,87,170,4.59,1.475,9.2,1.8,4.1,12.4,3.00
21,20,Seth Halvorsen,24,12,,,3,8,,,2,,,,2,13,,,,,,,1,,,0,,,COL,0.6,2,1,.667,1.46,0,8,0,0,2,12.1,2,1,0,46,323,3.90,0.811,5.8,1.5,1.5,9.5,6.50
22,21,Antonio Senzatela,29,3,,,10,15,,,3,,,,8,7,,,,,,,0,,,0,,,COL,0.0,0,1,.000,6.57,3,0,0,0,0,12.1,9,1,0,54,72,7.14,1.865,10.9,2.2,5.8,5.1,0.88
23,22,Luis Peralta*,23,15,,,1,7,,,0,,,,5,14,,,,,,,2,,,0,,,COL,0.8,0,0,,0.73,0,1,0,0,0,12.1,1,0,2,49,646,2.60,0.973,5.1,0.0,3.6,10.2,2.80
24,23,Josh Rogers*,29,6,,,8,15,,,1,,,,3,3,,,,,,,2,,,1,,,COL,-0.1,2,0,1.000,6.55,0,2,0,0,0,11.0,8,0,0,50,72,5.17,1.636,12.3,0.8,2.5,2.5,1.00
25,24,Jaden Hill,24,9,,,7,8,,,2,,,,4,6,,,,,,,2,,,0,,,COL,0.0,0,0,,5.06,0,2,0,0,0,10.2,6,0,1,45,94,6.17,1.125,6.8,1.7,3.4,5.1,1.50
26,25,Geoff Hartlieb,30,5,,,10,13,,,1,,,,4,7,,,,,,,0,,,1,,,COL,-0.4,0,0,,9.00,0,0,0,0,0,9.0,9,1,2,44,53,4.39,1.889,13.0,1.0,4.0,7.0,1.75
27,26,Matt Carasiti,32,7,,,10,16,,,2,,,,3,7,,,,,,,1,,,0,,,COL,-0.5,0,1,.000,10.38,0,1,0,0,0,8.2,10,0,0,43,46,5.94,2.192,16.6,2.1,3.1,7.3,2.33
28,27,GermÃ¡n MÃ¡rquez,29,1,,,3,5,,,1,,,,4,3,,,,,,,0,,,0,,,COL,0.0,0,0,,6.75,1,0,0,0,0,4.0,3,0,0,20,74,7.92,2.250,11.3,2.3,9.0,6.8,0.75
29,28,Riley Pint,26,4,,,8,5,,,2,,,,5,7,,,,,,,2,,,0,,,COL,-0.4,0,0,,21.60,0,1,0,0,0,3.1,8,0,4,22,23,13.07,3.000,13.5,5.4,13.5,18.9,1.40
30,29,John Curtiss,31,3,,,4,6,,,2,,,,0,1,,,,,,,0,,,0,,,COL,-0.2,0,0,,15.43,0,2,0,0,0,2.1,4,0,0,12,34,13.45,2.571,23.1,7.7,0.0,3.9,
31,30,Lucas Gilbreath*,28,3,,,6,7,,,1,,,,1,0,,,,,,,1,,,0,,,COL,-0.4,0,0,,54.00,0,0,0,0,0,1.0,6,0,0,12,11,22.17,8.000,63.0,9.0,9.0,0.0,0.00
32,31,Chasen Shreve*,33,1,,,0,1,,,0,,,,0,0,,,,,,,0,,,0,,,COL,0.1,0,0,,0.00,0,0,0,0,0,1.0,0,0,0,4,,3.17,1.000,9.0,0.0,0.0,0.0,
33,32,Matt Koch,33,2,,,4,3,,,1,,,,1,0,,,,,,,0,,,0,,,COL,-0.4,0,0,,81.00,0,1,0,0,1,0.1,3,0,0,5,11,51.17,12.000,81.0,27.0,27.0,0.0,0.00
34,33,Evan Justice*,25,1,,,0,0,,,0,,,,1,1,,,,,,,0,,,0,,,COL,0.0,0,0,,0.00,0,1,0,0,0,0.1,0,0,0,2,,6.17,3.000,0.0,0.0,27.0,27.0,1.00
35,,Team Totals,,162,,,929,1604,,,221,,,,563,1118,,,,,,,66,,,12,,,COL,-0.4,61,101,.377,5.48,162,162,0,0,37,1426.2,869,4,59,6322,84,4.94,1.519,10.1,1.4,3.6,7.1,1.99
